Date,Google Ads Spend,Google Ads Revenue,Meta Ads Spend,Meta Ads Revenue,Microsoft Ads Spend,Microsoft Ads Revenue,Campaign,Campaign Type,Impressions,Clicks,Conversions,Revenue,ROAS
2026-01-01,340.56,1673.35,0.0,0.0,0.0,0.0,Google Search - Brand,Search,28380,2375,122,1673.35,4.91
2026-01-01,448.4,1496.51,0.0,0.0,0.0,0.0,Google Performance Max - Core,PMax,37366,681,18,1496.51,3.34
2026-01-01,0.0,0.0,637.45,2039.47,0.0,0.0,Meta Prospecting - Lookalike,Social,39840,540,12,2039.47,3.2
2026-01-01,0.0,0.0,228.43,1418.83,0.0,0.0,Meta Retargeting - DABA,Social,14276,467,25,1418.83,6.21
2026-01-01,0.0,0.0,0.0,0.0,100.74,379.44,Microsoft Search - Generic,Search,12592,621,17,379.44,3.77
2026-01-02,267.55,1378.62,0.0,0.0,0.0,0.0,Google Search - Brand,Search,22295,1709,82,1378.62,5.15
2026-01-02,542.78,1928.23,0.0,0.0,0.0,0.0,Google Performance Max - Core,PMax,45231,850,21,1928.23,3.55
2026-01-02,0.0,0.0,518.36,1655.62,0.0,0.0,Meta Prospecting - Lookalike,Social,32397,496,8,1655.62,3.19
2026-01-02,0.0,0.0,283.67,1508.38,0.0,0.0,Meta Retargeting - DABA,Social,17729,678,44,1508.38,5.32
2026-01-02,0.0,0.0,0.0,0.0,87.93,331.22,Microsoft Search - Generic,Search,10991,569,16,331.22,3.77
2026-01-03,299.57,1116.56,0.0,0.0,0.0,0.0,Google Search - Brand,Search,24964,1811,101,1116.56,3.73
2026-01-03,524.38,1430.97,0.0,0.0,0.0,0.0,Google Performance Max - Core,PMax,43698,841,21,1430.97,2.73
2026-01-03,0.0,0.0,543.27,1375.69,0.0,0.0,Meta Prospecting - Lookalike,Social,33954,557,12,1375.69,2.53
2026-01-03,0.0,0.0,279.61,1417.27,0.0,0.0,Meta Retargeting - DABA,Social,17475,623,42,1417.27,5.07
2026-01-03,0.0,0.0,0.0,0.0,90.88,261.54,Microsoft Search - Generic,Search,11360,516,14,261.54,2.88
2026-01-04,279.42,1229.39,0.0,0.0,0.0,0.0,Google Search - Brand,Search,23285,1985,94,1229.39,4.4
2026-01-04,506.4,1549.48,0.0,0.0,0.0,0.0,Google Performance Max - Core,PMax,42199,783,21,1549.48,3.06
2026-01-04,0.0,0.0,687.64,1761.56,0.0,0.0,Meta Prospecting - Lookalike,Social,42977,679,12,1761.56,2.56
2026-01-04,0.0,0.0,273.66,1282.3,0.0,0.0,Meta Retargeting - DABA,Social,17103,623,39,1282.3,4.69
2026-01-04,0.0,0.0,0.0,0.0,87.22,321.83,Microsoft Search - Generic,Search,10902,529,14,321.83,3.69
2026-01-05,311.1,1501.62,0.0,0.0,0.0,0.0,Google Search - Brand,Search,25925,2003,87,1501.62,4.83
2026-01-05,473.78,1458.78,0.0,0.0,0.0,0.0,Google Performance Max - Core,PMax,39481,825,21,1458.78,3.08
2026-01-05,0.0,0.0,595.0,1795.02,0.0,0.0,Meta Prospecting - Lookalike,Social,37187,515,10,1795.02,3.02
2026-01-05,0.0,0.0,254.6,1392.97,0.0,0.0,Meta Retargeting - DABA,Social,15912,587,35,1392.97,5.47
2026-01-05,0.0,0.0,0.0,0.0,97.83,343.96,Microsoft Search - Generic,Search,12228,553,14,343.96,3.52
2026-01-06,312.28,1464.6,0.0,0.0,0.0,0.0,Google Search - Brand,Search,26023,2004,100,1464.6,4.69
2026-01-06,462.39,1840.3,0.0,0.0,0.0,0.0,Google Performance Max - Core,PMax,38532,756,20,1840.3,3.98
2026-01-06,0.0,0.0,523.86,1595.33,0.0,0.0,Meta Prospecting - Lookalike,Social,32741,470,8,1595.33,3.05
2026-01-06,0.0,0.0,273.11,1773.55,0.0,0.0,Meta Retargeting - DABA,Social,17069,613,40,1773.55,6.49
2026-01-06,0.0,0.0,0.0,0.0,90.6,386.81,Microsoft Search - Generic,Search,11325,610,18,386.81,4.27
2026-01-07,335.65,1843.79,0.0,0.0,0.0,0.0,Google Search - Brand,Search,27970,2156,95,1843.79,5.49
2026-01-07,489.07,1701.85,0.0,0.0,0.0,0.0,Google Performance Max - Core,PMax,40755,866,23,1701.85,3.48
2026-01-07,0.0,0.0,601.93,1747.09,0.0,0.0,Meta Prospecting - Lookalike,Social,37620,554,10,1747.09,2.9
2026-01-07,0.0,0.0,237.82,1314.04,0.0,0.0,Meta Retargeting - DABA,Social,14863,566,32,1314.04,5.53
2026-01-07,0.0,0.0,0.0,0.0,106.09,428.62,Microsoft Search - Generic,Search,13261,644,22,428.62,4.04
2026-01-08,277.66,1365.03,0.0,0.0,0.0,0.0,Google Search - Brand,Search,23138,1850,86,1365.03,4.92
2026-01-08,430.53,1318.41,0.0,0.0,0.0,0.0,Google Performance Max - Core,PMax,35877,733,18,1318.41,3.06
2026-01-08,0.0,0.0,560.16,1427.75,0.0,0.0,Meta Prospecting - Lookalike,Social,35010,568,10,1427.75,2.55
2026-01-08,0.0,0.0,249.21,1203.86,0.0,0.0,Meta Retargeting - DABA,Social,15575,598,33,1203.86,4.83
2026-01-08,0.0,0.0,0.0,0.0,107.85,390.47,Microsoft Search - Generic,Search,13481,638,20,390.47,3.62
2026-01-09,311.91,1366.48,0.0,0.0,0.0,0.0,Google Search - Brand,Search,25992,2134,107,1366.48,4.38
2026-01-09,550.3,1616.66,0.0,0.0,0.0,0.0,Google Performance Max - Core,PMax,45858,884,20,1616.66,2.94
2026-01-09,0.0,0.0,616.36,1567.3,0.0,0.0,Meta Prospecting - Lookalike,Social,38522,598,10,1567.3,2.54
2026-01-09,0.0,0.0,229.49,1196.23,0.0,0.0,Meta Retargeting - DABA,Social,14343,516,27,1196.23,5.21
2026-01-09,0.0,0.0,0.0,0.0,96.6,351.01,Microsoft Search - Generic,Search,12075,656,17,351.01,3.63
2026-01-10,265.21,924.41,0.0,0.0,0.0,0.0,Google Search - Brand,Search,22100,1918,106,924.41,3.49
2026-01-10,524.0,1276.5,0.0,0.0,0.0,0.0,Google Performance Max - Core,PMax,43666,928,23,1276.5,2.44
2026-01-10,0.0,0.0,553.53,1247.26,0.0,0.0,Meta Prospecting - Lookalike,Social,34595,476,10,1247.26,2.25
2026-01-10,0.0,0.0,259.98,1168.13,0.0,0.0,Meta Retargeting - DABA,Social,16248,550,31,1168.13,4.49
2026-01-10,0.0,0.0,0.0,0.0,111.91,327.51,Microsoft Search - Generic,Search,13988,753,24,327.51,2.93
2026-01-11,262.57,1215.13,0.0,0.0,0.0,0.0,Google Search - Brand,Search,21880,1631,91,1215.13,4.63
2026-01-11,426.38,1393.46,0.0,0.0,0.0,0.0,Google Performance Max - Core,PMax,35531,653,17,1393.46,3.27
2026-01-11,0.0,0.0,538.95,1359.68,0.0,0.0,Meta Prospecting - Lookalike,Social,33684,510,10,1359.68,2.52
2026-01-11,0.0,0.0,229.32,1228.71,0.0,0.0,Meta Retargeting - DABA,Social,14332,522,28,1228.71,5.36
2026-01-11,0.0,0.0,0.0,0.0,107.39,362.74,Microsoft Search - Generic,Search,13423,691,22,362.74,3.38
2026-01-12,306.15,1421.1,0.0,0.0,0.0,0.0,Google Search - Brand,Search,25512,1875,90,1421.1,4.64
2026-01-12,461.6,1407.76,0.0,0.0,0.0,0.0,Google Performance Max - Core,PMax,38466,842,20,1407.76,3.05
2026-01-12,0.0,0.0,623.6,1882.99,0.0,0.0,Meta Prospecting - Lookalike,Social,38975,619,12,1882.99,3.02
2026-01-12,0.0,0.0,249.44,1317.04,0.0,0.0,Meta Retargeting - DABA,Social,15590,512,32,1317.04,5.28
2026-01-12,0.0,0.0,0.0,0.0,85.73,286.9,Microsoft Search - Generic,Search,10716,551,14,286.9,3.35
2026-01-13,340.85,1919.28,0.0,0.0,0.0,0.0,Google Search - Brand,Search,28404,2460,118,1919.28,5.63
2026-01-13,564.25,1875.21,0.0,0.0,0.0,0.0,Google Performance Max - Core,PMax,47020,926,26,1875.21,3.32
2026-01-13,0.0,0.0,663.54,2334.71,0.0,0.0,Meta Prospecting - Lookalike,Social,41471,596,11,2334.71,3.52
2026-01-13,0.0,0.0,236.27,1512.12,0.0,0.0,Meta Retargeting - DABA,Social,14766,482,29,1512.12,6.4
2026-01-13,0.0,0.0,0.0,0.0,105.88,463.34,Microsoft Search - Generic,Search,13235,671,17,463.34,4.38
2026-01-14,344.1,1821.68,0.0,0.0,0.0,0.0,Google Search - Brand,Search,28675,2128,106,1821.68,5.29
2026-01-14,536.12,2121.83,0.0,0.0,0.0,0.0,Google Performance Max - Core,PMax,44676,928,24,2121.83,3.96
2026-01-14,0.0,0.0,562.85,1761.45,0.0,0.0,Meta Prospecting - Lookalike,Social,35178,560,12,1761.45,3.13
2026-01-14,0.0,0.0,280.99,1803.68,0.0,0.0,Meta Retargeting - DABA,Social,17561,616,36,1803.68,6.42
2026-01-14,0.0,0.0,0.0,0.0,104.5,445.71,Microsoft Search - Generic,Search,13062,679,22,445.71,4.27
2026-01-15,285.42,1384.57,0.0,0.0,0.0,0.0,Google Search - Brand,Search,23785,1855,81,1384.57,4.85
2026-01-15,430.39,1398.81,0.0,0.0,0.0,0.0,Google Performance Max - Core,PMax,35865,712,18,1398.81,3.25
2026-01-15,0.0,0.0,616.35,1652.1,0.0,0.0,Meta Prospecting - Lookalike,Social,38521,523,9,1652.1,2.68
2026-01-15,0.0,0.0,239.51,1325.81,0.0,0.0,Meta Retargeting - DABA,Social,14969,484,29,1325.81,5.54
2026-01-15,0.0,0.0,0.0,0.0,91.47,337.43,Microsoft Search - Generic,Search,11433,585,15,337.43,3.69
2026-01-16,302.82,1240.51,0.0,0.0,0.0,0.0,Google Search - Brand,Search,25235,2035,105,1240.51,4.1
2026-01-16,571.38,1911.09,0.0,0.0,0.0,0.0,Google Performance Max - Core,PMax,47615,955,22,1911.09,3.34
2026-01-16,0.0,0.0,558.75,1656.86,0.0,0.0,Meta Prospecting - Lookalike,Social,34921,517,9,1656.86,2.97
2026-01-16,0.0,0.0,284.7,1339.9,0.0,0.0,Meta Retargeting - DABA,Social,17793,664,42,1339.9,4.71
2026-01-16,0.0,0.0,0.0,0.0,90.2,309.95,Microsoft Search - Generic,Search,11275,525,14,309.95,3.44
2026-01-17,319.31,1160.83,0.0,0.0,0.0,0.0,Google Search - Brand,Search,26609,2196,102,1160.83,3.64
2026-01-17,535.68,1496.1,0.0,0.0,0.0,0.0,Google Performance Max - Core,PMax,44639,902,23,1496.1,2.79
2026-01-17,0.0,0.0,554.59,1222.31,0.0,0.0,Meta Prospecting - Lookalike,Social,34661,504,10,1222.31,2.2
2026-01-17,0.0,0.0,221.21,830.86,0.0,0.0,Meta Retargeting - DABA,Social,13825,439,22,830.86,3.76
2026-01-17,0.0,0.0,0.0,0.0,106.11,318.23,Microsoft Search - Generic,Search,13263,659,17,318.23,3.0
2026-01-18,297.61,1337.0,0.0,0.0,0.0,0.0,Google Search - Brand,Search,24800,1854,90,1337.0,4.49
2026-01-18,517.38,1622.01,0.0,0.0,0.0,0.0,Google Performance Max - Core,PMax,43115,885,19,1622.01,3.14
2026-01-18,0.0,0.0,622.65,1699.7,0.0,0.0,Meta Prospecting - Lookalike,Social,38915,584,12,1699.7,2.73
2026-01-18,0.0,0.0,224.72,1205.63,0.0,0.0,Meta Retargeting - DABA,Social,14045,449,28,1205.63,5.37
2026-01-18,0.0,0.0,0.0,0.0,102.57,325.0,Microsoft Search - Generic,Search,12821,697,21,325.0,3.17
2026-01-19,312.9,1376.56,0.0,0.0,0.0,0.0,Google Search - Brand,Search,26075,2068,104,1376.56,4.4
2026-01-19,482.92,1681.79,0.0,0.0,0.0,0.0,Google Performance Max - Core,PMax,40243,879,24,1681.79,3.48
2026-01-19,0.0,0.0,522.49,1373.96,0.0,0.0,Meta Prospecting - Lookalike,Social,32655,450,7,1373.96,2.63
2026-01-19,0.0,0.0,263.73,1260.16,0.0,0.0,Meta Retargeting - DABA,Social,16483,527,29,1260.16,4.78
2026-01-19,0.0,0.0,0.0,0.0,85.7,320.64,Microsoft Search - Generic,Search,10712,569,15,320.64,3.74
2026-01-20,317.71,1518.59,0.0,0.0,0.0,0.0,Google Search - Brand,Search,26475,2172,120,1518.59,4.78
2026-01-20,545.52,2101.9,0.0,0.0,0.0,0.0,Google Performance Max - Core,PMax,45460,869,19,2101.9,3.85
2026-01-20,0.0,0.0,655.23,2215.59,0.0,0.0,Meta Prospecting - Lookalike,Social,40951,674,13,2215.59,3.38
2026-01-20,0.0,0.0,270.73,1577.53,0.0,0.0,Meta Retargeting - DABA,Social,16920,573,38,1577.53,5.83
2026-01-20,0.0,0.0,0.0,0.0,97.87,422.16,Microsoft Search - Generic,Search,12233,642,20,422.16,4.31
2026-01-21,336.23,1601.88,0.0,0.0,0.0,0.0,Google Search - Brand,Search,28019,2243,123,1601.88,4.76
2026-01-21,559.33,1984.25,0.0,0.0,0.0,0.0,Google Performance Max - Core,PMax,46610,911,19,1984.25,3.55
2026-01-21,0.0,0.0,526.43,1832.54,0.0,0.0,Meta Prospecting - Lookalike,Social,32901,475,10,1832.54,3.48
2026-01-21,0.0,0.0,255.51,1665.65,0.0,0.0,Meta Retargeting - DABA,Social,15969,573,33,1665.65,6.52
2026-01-21,0.0,0.0,0.0,0.0,94.86,366.02,Microsoft Search - Generic,Search,11857,613,19,366.02,3.86
2026-01-22,326.07,1552.88,0.0,0.0,0.0,0.0,Google Search - Brand,Search,27172,1996,99,1552.88,4.76
2026-01-22,507.43,1480.09,0.0,0.0,0.0,0.0,Google Performance Max - Core,PMax,42285,835,23,1480.09,2.92
2026-01-22,0.0,0.0,531.07,1442.66,0.0,0.0,Meta Prospecting - Lookalike,Social,33191,462,9,1442.66,2.72
2026-01-22,0.0,0.0,220.08,1171.47,0.0,0.0,Meta Retargeting - DABA,Social,13755,441,28,1171.47,5.32
2026-01-22,0.0,0.0,0.0,0.0,109.66,351.01,Microsoft Search - Generic,Search,13707,713,18,351.01,3.2
2026-01-23,343.8,1418.64,0.0,0.0,0.0,0.0,Google Search - Brand,Search,28650,2234,107,1418.64,4.13
2026-01-23,567.09,1928.21,0.0,0.0,0.0,0.0,Google Performance Max - Core,PMax,47257,1037,27,1928.21,3.4
2026-01-23,0.0,0.0,525.03,1433.7,0.0,0.0,Meta Prospecting - Lookalike,Social,32814,519,10,1433.7,2.73
2026-01-23,0.0,0.0,280.48,1436.39,0.0,0.0,Meta Retargeting - DABA,Social,17530,565,33,1436.39,5.12
2026-01-23,0.0,0.0,0.0,0.0,99.06,312.83,Microsoft Search - Generic,Search,12382,564,14,312.83,3.16
2026-01-24,313.43,1042.04,0.0,0.0,0.0,0.0,Google Search - Brand,Search,26119,2192,112,1042.04,3.32
2026-01-24,481.23,1345.82,0.0,0.0,0.0,0.0,Google Performance Max - Core,PMax,40102,767,21,1345.82,2.8
2026-01-24,0.0,0.0,683.38,1446.15,0.0,0.0,Meta Prospecting - Lookalike,Social,42711,578,13,1446.15,2.12
2026-01-24,0.0,0.0,279.34,1055.88,0.0,0.0,Meta Retargeting - DABA,Social,17458,614,42,1055.88,3.78
2026-01-24,0.0,0.0,0.0,0.0,101.62,260.28,Microsoft Search - Generic,Search,12702,694,20,260.28,2.56
2026-01-25,317.62,1466.28,0.0,0.0,0.0,0.0,Google Search - Brand,Search,26468,2098,108,1466.28,4.62
2026-01-25,560.17,1822.77,0.0,0.0,0.0,0.0,Google Performance Max - Core,PMax,46680,848,19,1822.77,3.25
2026-01-25,0.0,0.0,670.25,2045.76,0.0,0.0,Meta Prospecting - Lookalike,Social,41890,622,12,2045.76,3.05
2026-01-25,0.0,0.0,226.61,1125.91,0.0,0.0,Meta Retargeting - DABA,Social,14163,492,28,1125.91,4.97
2026-01-25,0.0,0.0,0.0,0.0,87.33,310.77,Microsoft Search - Generic,Search,10916,597,20,310.77,3.56
2026-01-26,303.25,1418.71,0.0,0.0,0.0,0.0,Google Search - Brand,Search,25270,1944,106,1418.71,4.68
2026-01-26,449.39,1491.18,0.0,0.0,0.0,0.0,Google Performance Max - Core,PMax,37449,810,22,1491.18,3.32
2026-01-26,0.0,0.0,640.63,1955.13,0.0,0.0,Meta Prospecting - Lookalike,Social,40039,614,11,1955.13,3.05
2026-01-26,0.0,0.0,277.45,1567.6,0.0,0.0,Meta Retargeting - DABA,Social,17340,551,28,1567.6,5.65
2026-01-26,0.0,0.0,0.0,0.0,109.32,373.17,Microsoft Search - Generic,Search,13665,749,20,373.17,3.41
2026-01-27,289.28,1525.21,0.0,0.0,0.0,0.0,Google Search - Brand,Search,24106,2109,116,1525.21,5.27
2026-01-27,495.3,1946.04,0.0,0.0,0.0,0.0,Google Performance Max - Core,PMax,41275,811,18,1946.04,3.93
2026-01-27,0.0,0.0,665.65,1953.22,0.0,0.0,Meta Prospecting - Lookalike,Social,41603,663,15,1953.22,2.93
2026-01-27,0.0,0.0,254.16,1670.84,0.0,0.0,Meta Retargeting - DABA,Social,15885,585,39,1670.84,6.57
2026-01-27,0.0,0.0,0.0,0.0,92.42,398.0,Microsoft Search - Generic,Search,11552,571,15,398.0,4.31
2026-01-28,309.56,1957.14,0.0,0.0,0.0,0.0,Google Search - Brand,Search,25796,1951,102,1957.14,6.32
2026-01-28,478.72,2019.71,0.0,0.0,0.0,0.0,Google Performance Max - Core,PMax,39893,736,19,2019.71,4.22
2026-01-28,0.0,0.0,649.02,2350.13,0.0,0.0,Meta Prospecting - Lookalike,Social,40563,610,13,2350.13,3.62
2026-01-28,0.0,0.0,254.57,1722.71,0.0,0.0,Meta Retargeting - DABA,Social,15910,598,34,1722.71,6.77
2026-01-28,0.0,0.0,0.0,0.0,85.86,358.73,Microsoft Search - Generic,Search,10732,563,17,358.73,4.18
2026-01-29,274.17,1438.22,0.0,0.0,0.0,0.0,Google Search - Brand,Search,22847,1694,72,1438.22,5.25
2026-01-29,513.49,1785.35,0.0,0.0,0.0,0.0,Google Performance Max - Core,PMax,42790,837,20,1785.35,3.48
2026-01-29,0.0,0.0,572.69,1941.13,0.0,0.0,Meta Prospecting - Lookalike,Social,35793,538,11,1941.13,3.39
2026-01-29,0.0,0.0,259.16,1478.12,0.0,0.0,Meta Retargeting - DABA,Social,16197,607,41,1478.12,5.7
2026-01-29,0.0,0.0,0.0,0.0,112.8,410.96,Microsoft Search - Generic,Search,14100,703,19,410.96,3.64
2026-01-30,343.2,1715.59,0.0,0.0,0.0,0.0,Google Search - Brand,Search,28599,2284,108,1715.59,5.0
2026-01-30,461.02,1696.38,0.0,0.0,0.0,0.0,Google Performance Max - Core,PMax,38418,703,15,1696.38,3.68
2026-01-30,0.0,0.0,537.34,1559.74,0.0,0.0,Meta Prospecting - Lookalike,Social,33583,467,9,1559.74,2.9
2026-01-30,0.0,0.0,238.43,1300.27,0.0,0.0,Meta Retargeting - DABA,Social,14901,562,33,1300.27,5.45
2026-01-30,0.0,0.0,0.0,0.0,90.17,365.31,Microsoft Search - Generic,Search,11271,528,13,365.31,4.05
2026-01-31,280.07,1054.47,0.0,0.0,0.0,0.0,Google Search - Brand,Search,23339,1746,76,1054.47,3.77
2026-01-31,494.12,1309.25,0.0,0.0,0.0,0.0,Google Performance Max - Core,PMax,41176,775,18,1309.25,2.65
2026-01-31,0.0,0.0,634.27,1592.34,0.0,0.0,Meta Prospecting - Lookalike,Social,39641,539,11,1592.34,2.51
2026-01-31,0.0,0.0,218.63,1044.7,0.0,0.0,Meta Retargeting - DABA,Social,13664,513,34,1044.7,4.78
2026-01-31,0.0,0.0,0.0,0.0,93.31,266.93,Microsoft Search - Generic,Search,11663,618,19,266.93,2.86
2026-02-01,273.84,1293.07,0.0,0.0,0.0,0.0,Google Search - Brand,Search,22819,1778,88,1293.07,4.72
2026-02-01,480.34,1762.25,0.0,0.0,0.0,0.0,Google Performance Max - Core,PMax,40028,794,21,1762.25,3.67
2026-02-01,0.0,0.0,555.44,1580.45,0.0,0.0,Meta Prospecting - Lookalike,Social,34715,542,12,1580.45,2.85
2026-02-01,0.0,0.0,252.41,1473.47,0.0,0.0,Meta Retargeting - DABA,Social,15775,508,29,1473.47,5.84
2026-02-01,0.0,0.0,0.0,0.0,92.27,364.06,Microsoft Search - Generic,Search,11533,550,15,364.06,3.95
2026-02-02,283.99,1293.92,0.0,0.0,0.0,0.0,Google Search - Brand,Search,23665,1783,84,1293.92,4.56
2026-02-02,558.58,1849.71,0.0,0.0,0.0,0.0,Google Performance Max - Core,PMax,46548,948,24,1849.71,3.31
2026-02-02,0.0,0.0,599.72,1989.49,0.0,0.0,Meta Prospecting - Lookalike,Social,37482,515,10,1989.49,3.32
2026-02-02,0.0,0.0,268.41,1590.37,0.0,0.0,Meta Retargeting - DABA,Social,16775,579,30,1590.37,5.93
2026-02-02,0.0,0.0,0.0,0.0,95.89,359.63,Microsoft Search - Generic,Search,11986,616,18,359.63,3.75
2026-02-03,343.79,1935.26,0.0,0.0,0.0,0.0,Google Search - Brand,Search,28649,2340,107,1935.26,5.63
2026-02-03,447.93,1699.15,0.0,0.0,0.0,0.0,Google Performance Max - Core,PMax,37327,708,15,1699.15,3.79
2026-02-03,0.0,0.0,561.32,1897.45,0.0,0.0,Meta Prospecting - Lookalike,Social,35082,491,10,1897.45,3.38
2026-02-03,0.0,0.0,251.84,1545.12,0.0,0.0,Meta Retargeting - DABA,Social,15740,541,37,1545.12,6.14
2026-02-03,0.0,0.0,0.0,0.0,96.94,403.1,Microsoft Search - Generic,Search,12117,662,22,403.1,4.16
2026-02-04,278.21,1531.04,0.0,0.0,0.0,0.0,Google Search - Brand,Search,23184,1732,90,1531.04,5.5
2026-02-04,508.51,2032.02,0.0,0.0,0.0,0.0,Google Performance Max - Core,PMax,42375,859,20,2032.02,4.0
2026-02-04,0.0,0.0,543.67,1844.97,0.0,0.0,Meta Prospecting - Lookalike,Social,33979,491,9,1844.97,3.39
2026-02-04,0.0,0.0,230.68,1381.57,0.0,0.0,Meta Retargeting - DABA,Social,14417,465,28,1381.57,5.99
2026-02-04,0.0,0.0,0.0,0.0,102.44,394.89,Microsoft Search - Generic,Search,12805,595,17,394.89,3.85
2026-02-05,259.66,1176.09,0.0,0.0,0.0,0.0,Google Search - Brand,Search,21638,1674,74,1176.09,4.53
2026-02-05,573.49,1674.91,0.0,0.0,0.0,0.0,Google Performance Max - Core,PMax,47790,921,25,1674.91,2.92
2026-02-05,0.0,0.0,632.67,1684.55,0.0,0.0,Meta Prospecting - Lookalike,Social,39541,623,12,1684.55,2.66
2026-02-05,0.0,0.0,243.39,1258.43,0.0,0.0,Meta Retargeting - DABA,Social,15211,516,34,1258.43,5.17
2026-02-05,0.0,0.0,0.0,0.0,113.95,425.2,Microsoft Search - Generic,Search,14243,658,21,425.2,3.73
2026-02-06,271.31,1327.93,0.0,0.0,0.0,0.0,Google Search - Brand,Search,22609,1651,88,1327.93,4.89
2026-02-06,551.27,1790.34,0.0,0.0,0.0,0.0,Google Performance Max - Core,PMax,45939,852,23,1790.34,3.25
2026-02-06,0.0,0.0,539.46,1420.35,0.0,0.0,Meta Prospecting - Lookalike,Social,33716,471,10,1420.35,2.63
2026-02-06,0.0,0.0,251.73,1352.24,0.0,0.0,Meta Retargeting - DABA,Social,15733,535,35,1352.24,5.37
2026-02-06,0.0,0.0,0.0,0.0,109.5,375.01,Microsoft Search - Generic,Search,13687,676,19,375.01,3.42
2026-02-07,282.12,1008.05,0.0,0.0,0.0,0.0,Google Search - Brand,Search,23510,1973,98,1008.05,3.57
2026-02-07,559.94,1356.67,0.0,0.0,0.0,0.0,Google Performance Max - Core,PMax,46661,911,23,1356.67,2.42
2026-02-07,0.0,0.0,622.36,1507.42,0.0,0.0,Meta Prospecting - Lookalike,Social,38897,538,12,1507.42,2.42
2026-02-07,0.0,0.0,237.62,1013.75,0.0,0.0,Meta Retargeting - DABA,Social,14851,482,31,1013.75,4.27
2026-02-07,0.0,0.0,0.0,0.0,101.0,289.59,Microsoft Search - Generic,Search,12625,680,22,289.59,2.87
2026-02-08,283.05,1184.99,0.0,0.0,0.0,0.0,Google Search - Brand,Search,23587,1792,96,1184.99,4.19
2026-02-08,510.48,1481.14,0.0,0.0,0.0,0.0,Google Performance Max - Core,PMax,42540,895,24,1481.14,2.9
2026-02-08,0.0,0.0,657.83,1783.75,0.0,0.0,Meta Prospecting - Lookalike,Social,41114,568,12,1783.75,2.71
2026-02-08,0.0,0.0,242.3,1166.09,0.0,0.0,Meta Retargeting - DABA,Social,15143,561,30,1166.09,4.81
2026-02-08,0.0,0.0,0.0,0.0,106.67,353.13,Microsoft Search - Generic,Search,13333,695,21,353.13,3.31
2026-02-09,303.85,1420.36,0.0,0.0,0.0,0.0,Google Search - Brand,Search,25320,1925,91,1420.36,4.67
2026-02-09,561.27,1681.69,0.0,0.0,0.0,0.0,Google Performance Max - Core,PMax,46772,951,23,1681.69,3.0
2026-02-09,0.0,0.0,680.51,1890.95,0.0,0.0,Meta Prospecting - Lookalike,Social,42531,593,12,1890.95,2.78
2026-02-09,0.0,0.0,258.36,1345.05,0.0,0.0,Meta Retargeting - DABA,Social,16147,510,34,1345.05,5.21
2026-02-09,0.0,0.0,0.0,0.0,101.95,387.66,Microsoft Search - Generic,Search,12743,662,22,387.66,3.8
2026-02-10,268.73,1448.32,0.0,0.0,0.0,0.0,Google Search - Brand,Search,22394,1818,93,1448.32,5.39
2026-02-10,535.47,1940.63,0.0,0.0,0.0,0.0,Google Performance Max - Core,PMax,44622,969,27,1940.63,3.62
2026-02-10,0.0,0.0,530.38,1691.03,0.0,0.0,Meta Prospecting - Lookalike,Social,33148,545,12,1691.03,3.19
2026-02-10,0.0,0.0,281.56,1557.34,0.0,0.0,Meta Retargeting - DABA,Social,17597,661,39,1557.34,5.53
2026-02-10,0.0,0.0,0.0,0.0,96.97,397.43,Microsoft Search - Generic,Search,12121,552,15,397.43,4.1
2026-02-11,255.42,1401.86,0.0,0.0,0.0,0.0,Google Search - Brand,Search,21285,1646,79,1401.86,5.49
2026-02-11,562.98,2087.26,0.0,0.0,0.0,0.0,Google Performance Max - Core,PMax,46915,909,21,2087.26,3.71
2026-02-11,0.0,0.0,591.4,1994.76,0.0,0.0,Meta Prospecting - Lookalike,Social,36962,523,10,1994.76,3.37
2026-02-11,0.0,0.0,225.73,1252.91,0.0,0.0,Meta Retargeting - DABA,Social,14108,493,28,1252.91,5.55
2026-02-11,0.0,0.0,0.0,0.0,95.87,417.89,Microsoft Search - Generic,Search,11983,608,18,417.89,4.36
2026-02-12,314.72,1278.32,0.0,0.0,0.0,0.0,Google Search - Brand,Search,26226,1962,111,1278.32,4.06
2026-02-12,487.19,1449.46,0.0,0.0,0.0,0.0,Google Performance Max - Core,PMax,40599,744,21,1449.46,2.98
2026-02-12,0.0,0.0,617.17,1728.83,0.0,0.0,Meta Prospecting - Lookalike,Social,38573,528,11,1728.83,2.8
2026-02-12,0.0,0.0,279.85,1370.79,0.0,0.0,Meta Retargeting - DABA,Social,17490,576,31,1370.79,4.9
2026-02-12,0.0,0.0,0.0,0.0,99.16,314.89,Microsoft Search - Generic,Search,12395,627,16,314.89,3.18
2026-02-13,295.8,1404.45,0.0,0.0,0.0,0.0,Google Search - Brand,Search,24650,1981,97,1404.45,4.75
2026-02-13,508.95,1596.32,0.0,0.0,0.0,0.0,Google Performance Max - Core,PMax,42412,789,17,1596.32,3.14
2026-02-13,0.0,0.0,680.3,2042.67,0.0,0.0,Meta Prospecting - Lookalike,Social,42518,621,11,2042.67,3.0
2026-02-13,0.0,0.0,243.16,1300.85,0.0,0.0,Meta Retargeting - DABA,Social,15197,481,25,1300.85,5.35
2026-02-13,0.0,0.0,0.0,0.0,104.77,382.53,Microsoft Search - Generic,Search,13096,592,16,382.53,3.65
2026-02-14,315.47,1074.61,0.0,0.0,0.0,0.0,Google Search - Brand,Search,26289,1901,83,1074.61,3.41
2026-02-14,451.78,1225.93,0.0,0.0,0.0,0.0,Google Performance Max - Core,PMax,37648,775,17,1225.93,2.71
2026-02-14,0.0,0.0,553.77,1141.07,0.0,0.0,Meta Prospecting - Lookalike,Social,34610,542,11,1141.07,2.06
2026-02-14,0.0,0.0,242.29,1074.49,0.0,0.0,Meta Retargeting - DABA,Social,15143,547,29,1074.49,4.43
2026-02-14,0.0,0.0,0.0,0.0,111.89,300.33,Microsoft Search - Generic,Search,13986,631,16,300.33,2.68
2026-02-15,257.39,1090.59,0.0,0.0,0.0,0.0,Google Search - Brand,Search,21449,1606,82,1090.59,4.24
2026-02-15,558.9,1760.37,0.0,0.0,0.0,0.0,Google Performance Max - Core,PMax,46574,990,23,1760.37,3.15
2026-02-15,0.0,0.0,578.34,1541.44,0.0,0.0,Meta Prospecting - Lookalike,Social,36146,551,10,1541.44,2.67
2026-02-15,0.0,0.0,243.21,1296.09,0.0,0.0,Meta Retargeting - DABA,Social,15200,537,31,1296.09,5.33
2026-02-15,0.0,0.0,0.0,0.0,113.45,380.75,Microsoft Search - Generic,Search,14181,746,19,380.75,3.36
2026-02-16,298.87,1444.03,0.0,0.0,0.0,0.0,Google Search - Brand,Search,24905,2149,117,1444.03,4.83
2026-02-16,428.37,1350.28,0.0,0.0,0.0,0.0,Google Performance Max - Core,PMax,35697,680,17,1350.28,3.15
2026-02-16,0.0,0.0,556.42,1599.57,0.0,0.0,Meta Prospecting - Lookalike,Social,34776,484,10,1599.57,2.87
2026-02-16,0.0,0.0,251.93,1436.95,0.0,0.0,Meta Retargeting - DABA,Social,15745,514,28,1436.95,5.7
2026-02-16,0.0,0.0,0.0,0.0,112.43,355.6,Microsoft Search - Generic,Search,14053,648,19,355.6,3.16
2026-02-17,304.88,1506.46,0.0,0.0,0.0,0.0,Google Search - Brand,Search,25406,2094,115,1506.46,4.94
2026-02-17,426.65,1477.88,0.0,0.0,0.0,0.0,Google Performance Max - Core,PMax,35554,659,18,1477.88,3.46
2026-02-17,0.0,0.0,617.53,2137.14,0.0,0.0,Meta Prospecting - Lookalike,Social,38595,590,12,2137.14,3.46
2026-02-17,0.0,0.0,281.08,1571.73,0.0,0.0,Meta Retargeting - DABA,Social,17567,604,34,1571.73,5.59
2026-02-17,0.0,0.0,0.0,0.0,86.41,349.12,Microsoft Search - Generic,Search,10801,504,16,349.12,4.04
2026-02-18,309.28,1466.98,0.0,0.0,0.0,0.0,Google Search - Brand,Search,25773,1956,94,1466.98,4.74
2026-02-18,478.35,1685.93,0.0,0.0,0.0,0.0,Google Performance Max - Core,PMax,39862,832,19,1685.93,3.52
2026-02-18,0.0,0.0,595.69,1943.6,0.0,0.0,Meta Prospecting - Lookalike,Social,37230,576,13,1943.6,3.26
2026-02-18,0.0,0.0,228.62,1430.74,0.0,0.0,Meta Retargeting - DABA,Social,14288,453,25,1430.74,6.26
2026-02-18,0.0,0.0,0.0,0.0,86.54,354.95,Microsoft Search - Generic,Search,10817,540,16,354.95,4.1
2026-02-19,324.38,1411.32,0.0,0.0,0.0,0.0,Google Search - Brand,Search,27031,1992,86,1411.32,4.35
2026-02-19,499.32,1670.75,0.0,0.0,0.0,0.0,Google Performance Max - Core,PMax,41610,863,21,1670.75,3.35
2026-02-19,0.0,0.0,657.44,1747.47,0.0,0.0,Meta Prospecting - Lookalike,Social,41090,653,13,1747.47,2.66
2026-02-19,0.0,0.0,256.77,1274.36,0.0,0.0,Meta Retargeting - DABA,Social,16048,546,28,1274.36,4.96
2026-02-19,0.0,0.0,0.0,0.0,89.1,337.88,Microsoft Search - Generic,Search,11137,606,17,337.88,3.79
2026-02-20,303.77,1280.88,0.0,0.0,0.0,0.0,Google Search - Brand,Search,25314,2176,116,1280.88,4.22
2026-02-20,523.82,1779.0,0.0,0.0,0.0,0.0,Google Performance Max - Core,PMax,43651,906,25,1779.0,3.4
2026-02-20,0.0,0.0,598.1,1590.83,0.0,0.0,Meta Prospecting - Lookalike,Social,37381,529,12,1590.83,2.66
2026-02-20,0.0,0.0,215.46,1219.9,0.0,0.0,Meta Retargeting - DABA,Social,13466,490,33,1219.9,5.66
2026-02-20,0.0,0.0,0.0,0.0,102.04,334.32,Microsoft Search - Generic,Search,12755,690,17,334.32,3.28
2026-02-21,281.76,1054.39,0.0,0.0,0.0,0.0,Google Search - Brand,Search,23480,2037,116,1054.39,3.74
2026-02-21,496.13,1382.94,0.0,0.0,0.0,0.0,Google Performance Max - Core,PMax,41344,886,24,1382.94,2.79
2026-02-21,0.0,0.0,659.2,1423.18,0.0,0.0,Meta Prospecting - Lookalike,Social,41200,560,11,1423.18,2.16
2026-02-21,0.0,0.0,221.54,871.84,0.0,0.0,Meta Retargeting - DABA,Social,13846,443,28,871.84,3.94
2026-02-21,0.0,0.0,0.0,0.0,106.74,289.3,Microsoft Search - Generic,Search,13342,609,17,289.3,2.71
2026-02-22,326.17,1479.36,0.0,0.0,0.0,0.0,Google Search - Brand,Search,27180,2095,108,1479.36,4.54
2026-02-22,517.38,1783.42,0.0,0.0,0.0,0.0,Google Performance Max - Core,PMax,43115,816,17,1783.42,3.45
2026-02-22,0.0,0.0,513.83,1545.22,0.0,0.0,Meta Prospecting - Lookalike,Social,32114,517,10,1545.22,3.01
2026-02-22,0.0,0.0,272.41,1540.92,0.0,0.0,Meta Retargeting - DABA,Social,17025,655,37,1540.92,5.66
2026-02-22,0.0,0.0,0.0,0.0,97.06,357.86,Microsoft Search - Generic,Search,12132,604,18,357.86,3.69
2026-02-23,343.57,1661.61,0.0,0.0,0.0,0.0,Google Search - Brand,Search,28630,2413,117,1661.61,4.84
2026-02-23,535.64,1687.09,0.0,0.0,0.0,0.0,Google Performance Max - Core,PMax,44636,846,18,1687.09,3.15
2026-02-23,0.0,0.0,561.7,1527.03,0.0,0.0,Meta Prospecting - Lookalike,Social,35106,505,9,1527.03,2.72
2026-02-23,0.0,0.0,213.84,1010.13,0.0,0.0,Meta Retargeting - DABA,Social,13365,513,30,1010.13,4.72
2026-02-23,0.0,0.0,0.0,0.0,105.39,360.33,Microsoft Search - Generic,Search,13173,621,21,360.33,3.42
2026-02-24,263.05,1439.24,0.0,0.0,0.0,0.0,Google Search - Brand,Search,21920,1724,96,1439.24,5.47
2026-02-24,495.11,1984.07,0.0,0.0,0.0,0.0,Google Performance Max - Core,PMax,41259,843,18,1984.07,4.01
2026-02-24,0.0,0.0,551.7,1950.98,0.0,0.0,Meta Prospecting - Lookalike,Social,34481,563,11,1950.98,3.54
2026-02-24,0.0,0.0,250.95,1533.02,0.0,0.0,Meta Retargeting - DABA,Social,15684,519,28,1533.02,6.11
2026-02-24,0.0,0.0,0.0,0.0,90.59,344.24,Microsoft Search - Generic,Search,11323,597,17,344.24,3.8
2026-02-25,342.22,1614.38,0.0,0.0,0.0,0.0,Google Search - Brand,Search,28518,2456,138,1614.38,4.72
2026-02-25,451.08,1824.28,0.0,0.0,0.0,0.0,Google Performance Max - Core,PMax,37589,736,19,1824.28,4.04
2026-02-25,0.0,0.0,537.7,1799.27,0.0,0.0,Meta Prospecting - Lookalike,Social,33606,535,9,1799.27,3.35
2026-02-25,0.0,0.0,252.77,1428.07,0.0,0.0,Meta Retargeting - DABA,Social,15798,563,34,1428.07,5.65
2026-02-25,0.0,0.0,0.0,0.0,111.32,411.46,Microsoft Search - Generic,Search,13915,663,17,411.46,3.7
2026-02-26,341.01,1653.86,0.0,0.0,0.0,0.0,Google Search - Brand,Search,28417,2438,133,1653.86,4.85
2026-02-26,507.63,1674.85,0.0,0.0,0.0,0.0,Google Performance Max - Core,PMax,42302,776,18,1674.85,3.3
2026-02-26,0.0,0.0,556.76,1519.23,0.0,0.0,Meta Prospecting - Lookalike,Social,34797,545,10,1519.23,2.73
2026-02-26,0.0,0.0,229.01,1091.07,0.0,0.0,Meta Retargeting - DABA,Social,14313,519,27,1091.07,4.76
2026-02-26,0.0,0.0,0.0,0.0,99.85,374.02,Microsoft Search - Generic,Search,12481,621,19,374.02,3.75
2026-02-27,286.3,1372.01,0.0,0.0,0.0,0.0,Google Search - Brand,Search,23858,1976,100,1372.01,4.79
2026-02-27,556.79,1698.71,0.0,0.0,0.0,0.0,Google Performance Max - Core,PMax,46399,983,25,1698.71,3.05
2026-02-27,0.0,0.0,666.11,1995.88,0.0,0.0,Meta Prospecting - Lookalike,Social,41631,650,14,1995.88,3.0
2026-02-27,0.0,0.0,263.51,1424.37,0.0,0.0,Meta Retargeting - DABA,Social,16469,590,38,1424.37,5.41
2026-02-27,0.0,0.0,0.0,0.0,111.43,363.38,Microsoft Search - Generic,Search,13928,748,19,363.38,3.26
2026-02-28,266.6,1144.98,0.0,0.0,0.0,0.0,Google Search - Brand,Search,22216,1718,92,1144.98,4.29
2026-02-28,547.7,1463.82,0.0,0.0,0.0,0.0,Google Performance Max - Core,PMax,45641,973,24,1463.82,2.67
2026-02-28,0.0,0.0,561.67,1270.01,0.0,0.0,Meta Prospecting - Lookalike,Social,35104,538,12,1270.01,2.26
2026-02-28,0.0,0.0,231.99,1109.38,0.0,0.0,Meta Retargeting - DABA,Social,14499,521,31,1109.38,4.78
2026-02-28,0.0,0.0,0.0,0.0,88.21,292.11,Microsoft Search - Generic,Search,11026,580,17,292.11,3.31
2026-03-01,285.77,1573.65,0.0,0.0,0.0,0.0,Google Search - Brand,Search,23814,1955,110,1573.65,5.51
2026-03-01,565.58,1865.89,0.0,0.0,0.0,0.0,Google Performance Max - Core,PMax,47131,978,21,1865.89,3.3
2026-03-01,0.0,0.0,637.47,1919.53,0.0,0.0,Meta Prospecting - Lookalike,Social,39841,545,11,1919.53,3.01
2026-03-01,0.0,0.0,259.07,1462.32,0.0,0.0,Meta Retargeting - DABA,Social,16191,515,34,1462.32,5.64
2026-03-01,0.0,0.0,0.0,0.0,114.07,489.5,Microsoft Search - Generic,Search,14258,748,19,489.5,4.29
2026-03-02,257.21,1363.3,0.0,0.0,0.0,0.0,Google Search - Brand,Search,21434,1550,73,1363.3,5.3
2026-03-02,540.56,1932.97,0.0,0.0,0.0,0.0,Google Performance Max - Core,PMax,45046,933,22,1932.97,3.58
2026-03-02,0.0,0.0,689.48,2064.32,0.0,0.0,Meta Prospecting - Lookalike,Social,43092,636,12,2064.32,2.99
2026-03-02,0.0,0.0,272.11,1478.15,0.0,0.0,Meta Retargeting - DABA,Social,17006,618,33,1478.15,5.43
2026-03-02,0.0,0.0,0.0,0.0,105.41,378.69,Microsoft Search - Generic,Search,13176,679,18,378.69,3.59
2026-03-03,268.6,1697.19,0.0,0.0,0.0,0.0,Google Search - Brand,Search,22383,1766,100,1697.19,6.32
2026-03-03,520.78,2111.99,0.0,0.0,0.0,0.0,Google Performance Max - Core,PMax,43398,850,19,2111.99,4.06
2026-03-03,0.0,0.0,583.68,2308.74,0.0,0.0,Meta Prospecting - Lookalike,Social,36480,590,10,2308.74,3.96
2026-03-03,0.0,0.0,214.84,1356.35,0.0,0.0,Meta Retargeting - DABA,Social,13427,484,27,1356.35,6.31
2026-03-03,0.0,0.0,0.0,0.0,99.2,479.78,Microsoft Search - Generic,Search,12400,678,18,479.78,4.84
2026-03-04,324.89,1805.26,0.0,0.0,0.0,0.0,Google Search - Brand,Search,27074,2283,125,1805.26,5.56
2026-03-04,518.93,2009.36,0.0,0.0,0.0,0.0,Google Performance Max - Core,PMax,43244,801,17,2009.36,3.87
2026-03-04,0.0,0.0,621.0,2167.93,0.0,0.0,Meta Prospecting - Lookalike,Social,38812,616,12,2167.93,3.49
2026-03-04,0.0,0.0,221.89,1225.34,0.0,0.0,Meta Retargeting - DABA,Social,13868,503,29,1225.34,5.52
2026-03-04,0.0,0.0,0.0,0.0,99.75,377.45,Microsoft Search - Generic,Search,12468,569,17,377.45,3.78
2026-03-05,326.78,1402.57,0.0,0.0,0.0,0.0,Google Search - Brand,Search,27231,2095,103,1402.57,4.29
2026-03-05,435.87,1258.55,0.0,0.0,0.0,0.0,Google Performance Max - Core,PMax,36322,710,17,1258.55,2.89
2026-03-05,0.0,0.0,562.5,1606.51,0.0,0.0,Meta Prospecting - Lookalike,Social,35156,547,12,1606.51,2.86
2026-03-05,0.0,0.0,215.47,1183.16,0.0,0.0,Meta Retargeting - DABA,Social,13466,469,24,1183.16,5.49
2026-03-05,0.0,0.0,0.0,0.0,114.6,380.41,Microsoft Search - Generic,Search,14325,665,19,380.41,3.32
2026-03-06,318.22,1465.83,0.0,0.0,0.0,0.0,Google Search - Brand,Search,26518,2146,91,1465.83,4.61
2026-03-06,502.66,1552.68,0.0,0.0,0.0,0.0,Google Performance Max - Core,PMax,41888,768,18,1552.68,3.09
2026-03-06,0.0,0.0,524.14,1330.58,0.0,0.0,Meta Prospecting - Lookalike,Social,32758,481,8,1330.58,2.54
2026-03-06,0.0,0.0,264.21,1392.45,0.0,0.0,Meta Retargeting - DABA,Social,16513,612,33,1392.45,5.27
2026-03-06,0.0,0.0,0.0,0.0,88.14,287.97,Microsoft Search - Generic,Search,11017,565,17,287.97,3.27
2026-03-07,339.26,1106.92,0.0,0.0,0.0,0.0,Google Search - Brand,Search,28271,2059,104,1106.92,3.26
2026-03-07,555.65,1481.94,0.0,0.0,0.0,0.0,Google Performance Max - Core,PMax,46304,965,26,1481.94,2.67
2026-03-07,0.0,0.0,656.67,1423.71,0.0,0.0,Meta Prospecting - Lookalike,Social,41041,563,12,1423.71,2.17
2026-03-07,0.0,0.0,273.8,1149.85,0.0,0.0,Meta Retargeting - DABA,Social,17112,593,37,1149.85,4.2
2026-03-07,0.0,0.0,0.0,0.0,106.95,301.04,Microsoft Search - Generic,Search,13368,612,15,301.04,2.81
2026-03-08,269.36,1150.81,0.0,0.0,0.0,0.0,Google Search - Brand,Search,22446,1929,88,1150.81,4.27
2026-03-08,475.53,1666.52,0.0,0.0,0.0,0.0,Google Performance Max - Core,PMax,39627,742,20,1666.52,3.5
2026-03-08,0.0,0.0,599.68,1732.4,0.0,0.0,Meta Prospecting - Lookalike,Social,37480,568,12,1732.4,2.89
2026-03-08,0.0,0.0,287.23,1412.48,0.0,0.0,Meta Retargeting - DABA,Social,17951,687,43,1412.48,4.92
2026-03-08,0.0,0.0,0.0,0.0,105.41,346.77,Microsoft Search - Generic,Search,13176,602,15,346.77,3.29
2026-03-09,296.64,1270.19,0.0,0.0,0.0,0.0,Google Search - Brand,Search,24720,2123,113,1270.19,4.28
2026-03-09,488.82,1640.15,0.0,0.0,0.0,0.0,Google Performance Max - Core,PMax,40735,789,18,1640.15,3.36
2026-03-09,0.0,0.0,517.22,1589.46,0.0,0.0,Meta Prospecting - Lookalike,Social,32326,520,10,1589.46,3.07
2026-03-09,0.0,0.0,266.89,1370.79,0.0,0.0,Meta Retargeting - DABA,Social,16680,582,38,1370.79,5.14
2026-03-09,0.0,0.0,0.0,0.0,97.65,369.16,Microsoft Search - Generic,Search,12206,583,17,369.16,3.78
2026-03-10,273.96,1534.67,0.0,0.0,0.0,0.0,Google Search - Brand,Search,22830,1871,97,1534.67,5.6
2026-03-10,444.74,1712.95,0.0,0.0,0.0,0.0,Google Performance Max - Core,PMax,37061,773,21,1712.95,3.85
2026-03-10,0.0,0.0,552.76,1665.86,0.0,0.0,Meta Prospecting - Lookalike,Social,34547,567,10,1665.86,3.01
2026-03-10,0.0,0.0,249.42,1597.25,0.0,0.0,Meta Retargeting - DABA,Social,15588,517,34,1597.25,6.4
2026-03-10,0.0,0.0,0.0,0.0,100.44,399.85,Microsoft Search - Generic,Search,12555,610,18,399.85,3.98
2026-03-11,290.2,1400.72,0.0,0.0,0.0,0.0,Google Search - Brand,Search,24183,2116,98,1400.72,4.83
2026-03-11,473.78,1798.16,0.0,0.0,0.0,0.0,Google Performance Max - Core,PMax,39481,832,18,1798.16,3.8
2026-03-11,0.0,0.0,591.68,2084.23,0.0,0.0,Meta Prospecting - Lookalike,Social,36980,525,9,2084.23,3.52
2026-03-11,0.0,0.0,251.48,1404.52,0.0,0.0,Meta Retargeting - DABA,Social,15717,532,35,1404.52,5.59
2026-03-11,0.0,0.0,0.0,0.0,92.46,367.01,Microsoft Search - Generic,Search,11557,591,18,367.01,3.97
2026-03-12,270.09,1134.47,0.0,0.0,0.0,0.0,Google Search - Brand,Search,22507,1633,87,1134.47,4.2
2026-03-12,496.19,1639.83,0.0,0.0,0.0,0.0,Google Performance Max - Core,PMax,41349,883,24,1639.83,3.3
2026-03-12,0.0,0.0,666.29,1897.46,0.0,0.0,Meta Prospecting - Lookalike,Social,41643,587,10,1897.46,2.85
2026-03-12,0.0,0.0,216.78,1075.35,0.0,0.0,Meta Retargeting - DABA,Social,13548,477,32,1075.35,4.96
2026-03-12,0.0,0.0,0.0,0.0,88.66,281.72,Microsoft Search - Generic,Search,11082,548,18,281.72,3.18
2026-03-13,300.65,1303.18,0.0,0.0,0.0,0.0,Google Search - Brand,Search,25054,1820,81,1303.18,4.33
2026-03-13,569.77,2000.72,0.0,0.0,0.0,0.0,Google Performance Max - Core,PMax,47480,855,24,2000.72,3.51
2026-03-13,0.0,0.0,666.23,1917.35,0.0,0.0,Meta Prospecting - Lookalike,Social,41639,618,12,1917.35,2.88
2026-03-13,0.0,0.0,262.51,1362.01,0.0,0.0,Meta Retargeting - DABA,Social,16406,532,27,1362.01,5.19
2026-03-13,0.0,0.0,0.0,0.0,106.14,357.22,Microsoft Search - Generic,Search,13267,623,19,357.22,3.37
2026-03-14,263.45,1037.55,0.0,0.0,0.0,0.0,Google Search - Brand,Search,21954,1816,89,1037.55,3.94
2026-03-14,451.57,1241.14,0.0,0.0,0.0,0.0,Google Performance Max - Core,PMax,37630,781,21,1241.14,2.75
2026-03-14,0.0,0.0,632.98,1543.96,0.0,0.0,Meta Prospecting - Lookalike,Social,39561,593,12,1543.96,2.44
2026-03-14,0.0,0.0,255.3,1140.41,0.0,0.0,Meta Retargeting - DABA,Social,15956,506,34,1140.41,4.47
2026-03-14,0.0,0.0,0.0,0.0,105.3,306.02,Microsoft Search - Generic,Search,13162,620,19,306.02,2.91
2026-03-15,313.61,1381.29,0.0,0.0,0.0,0.0,Google Search - Brand,Search,26134,1926,100,1381.29,4.4
2026-03-15,432.23,1521.29,0.0,0.0,0.0,0.0,Google Performance Max - Core,PMax,36019,789,19,1521.29,3.52
2026-03-15,0.0,0.0,650.83,1957.45,0.0,0.0,Meta Prospecting - Lookalike,Social,40676,618,13,1957.45,3.01
2026-03-15,0.0,0.0,242.81,1358.2,0.0,0.0,Meta Retargeting - DABA,Social,15175,512,32,1358.2,5.59
2026-03-15,0.0,0.0,0.0,0.0,107.87,400.79,Microsoft Search - Generic,Search,13483,714,21,400.79,3.72
2026-03-16,265.82,1272.23,0.0,0.0,0.0,0.0,Google Search - Brand,Search,22151,1787,76,1272.23,4.79
2026-03-16,479.97,1482.02,0.0,0.0,0.0,0.0,Google Performance Max - Core,PMax,39997,783,20,1482.02,3.09
2026-03-16,0.0,0.0,590.76,1617.26,0.0,0.0,Meta Prospecting - Lookalike,Social,36922,524,10,1617.26,2.74
2026-03-16,0.0,0.0,217.99,1071.72,0.0,0.0,Meta Retargeting - DABA,Social,13624,486,30,1071.72,4.92
2026-03-16,0.0,0.0,0.0,0.0,98.9,354.42,Microsoft Search - Generic,Search,12362,603,20,354.42,3.58
2026-03-17,298.13,1548.71,0.0,0.0,0.0,0.0,Google Search - Brand,Search,24844,1798,85,1548.71,5.19
2026-03-17,484.82,1741.39,0.0,0.0,0.0,0.0,Google Performance Max - Core,PMax,40401,820,20,1741.39,3.59
2026-03-17,0.0,0.0,647.68,2130.54,0.0,0.0,Meta Prospecting - Lookalike,Social,40480,645,13,2130.54,3.29
2026-03-17,0.0,0.0,213.87,1395.46,0.0,0.0,Meta Retargeting - DABA,Social,13366,439,22,1395.46,6.52
2026-03-17,0.0,0.0,0.0,0.0,111.94,463.85,Microsoft Search - Generic,Search,13992,663,22,463.85,4.14
2026-03-18,339.1,1600.51,0.0,0.0,0.0,0.0,Google Search - Brand,Search,28258,2193,96,1600.51,4.72
2026-03-18,463.52,1700.93,0.0,0.0,0.0,0.0,Google Performance Max - Core,PMax,38626,739,17,1700.93,3.67
2026-03-18,0.0,0.0,607.05,2073.17,0.0,0.0,Meta Prospecting - Lookalike,Social,37940,547,11,2073.17,3.42
2026-03-18,0.0,0.0,232.95,1453.26,0.0,0.0,Meta Retargeting - DABA,Social,14559,500,26,1453.26,6.24
2026-03-18,0.0,0.0,0.0,0.0,105.43,397.29,Microsoft Search - Generic,Search,13178,616,18,397.29,3.77
2026-03-19,264.62,1240.58,0.0,0.0,0.0,0.0,Google Search - Brand,Search,22051,1787,82,1240.58,4.69
2026-03-19,497.53,1739.5,0.0,0.0,0.0,0.0,Google Performance Max - Core,PMax,41460,879,22,1739.5,3.5
2026-03-19,0.0,0.0,623.97,1587.57,0.0,0.0,Meta Prospecting - Lookalike,Social,38998,637,13,1587.57,2.54
2026-03-19,0.0,0.0,278.82,1542.42,0.0,0.0,Meta Retargeting - DABA,Social,17426,576,31,1542.42,5.53
2026-03-19,0.0,0.0,0.0,0.0,97.33,348.22,Microsoft Search - Generic,Search,12166,649,21,348.22,3.58
2026-03-20,276.32,1206.99,0.0,0.0,0.0,0.0,Google Search - Brand,Search,23026,1945,90,1206.99,4.37
2026-03-20,488.56,1664.27,0.0,0.0,0.0,0.0,Google Performance Max - Core,PMax,40713,841,18,1664.27,3.41
2026-03-20,0.0,0.0,591.32,1696.71,0.0,0.0,Meta Prospecting - Lookalike,Social,36957,563,10,1696.71,2.87
2026-03-20,0.0,0.0,277.21,1509.78,0.0,0.0,Meta Retargeting - DABA,Social,17325,572,30,1509.78,5.45
2026-03-20,0.0,0.0,0.0,0.0,104.26,330.14,Microsoft Search - Generic,Search,13032,665,20,330.14,3.17
2026-03-21,290.18,988.64,0.0,0.0,0.0,0.0,Google Search - Brand,Search,24181,1971,98,988.64,3.41
2026-03-21,445.47,1251.66,0.0,0.0,0.0,0.0,Google Performance Max - Core,PMax,37122,771,18,1251.66,2.81
2026-03-21,0.0,0.0,639.17,1411.18,0.0,0.0,Meta Prospecting - Lookalike,Social,39948,622,14,1411.18,2.21
2026-03-21,0.0,0.0,220.31,848.38,0.0,0.0,Meta Retargeting - DABA,Social,13769,503,30,848.38,3.85
2026-03-21,0.0,0.0,0.0,0.0,87.38,233.61,Microsoft Search - Generic,Search,10922,500,16,233.61,2.67
2026-03-22,284.1,1199.66,0.0,0.0,0.0,0.0,Google Search - Brand,Search,23675,1790,85,1199.66,4.22
2026-03-22,502.86,1470.58,0.0,0.0,0.0,0.0,Google Performance Max - Core,PMax,41905,765,20,1470.58,2.92
2026-03-22,0.0,0.0,607.2,1609.61,0.0,0.0,Meta Prospecting - Lookalike,Social,37950,612,12,1609.61,2.65
2026-03-22,0.0,0.0,236.83,1239.63,0.0,0.0,Meta Retargeting - DABA,Social,14801,500,31,1239.63,5.23
2026-03-22,0.0,0.0,0.0,0.0,104.86,403.28,Microsoft Search - Generic,Search,13107,662,21,403.28,3.85
2026-03-23,260.41,1163.69,0.0,0.0,0.0,0.0,Google Search - Brand,Search,21700,1757,99,1163.69,4.47
2026-03-23,528.5,1581.37,0.0,0.0,0.0,0.0,Google Performance Max - Core,PMax,44041,828,20,1581.37,2.99
2026-03-23,0.0,0.0,591.07,1521.5,0.0,0.0,Meta Prospecting - Lookalike,Social,36941,582,11,1521.5,2.57
2026-03-23,0.0,0.0,272.16,1461.91,0.0,0.0,Meta Retargeting - DABA,Social,17010,646,35,1461.91,5.37
2026-03-23,0.0,0.0,0.0,0.0,89.57,307.18,Microsoft Search - Generic,Search,11196,614,20,307.18,3.43
2026-03-24,330.78,1725.47,0.0,0.0,0.0,0.0,Google Search - Brand,Search,27564,2214,114,1725.47,5.22
2026-03-24,538.29,1818.13,0.0,0.0,0.0,0.0,Google Performance Max - Core,PMax,44857,830,22,1818.13,3.38
2026-03-24,0.0,0.0,637.57,2168.77,0.0,0.0,Meta Prospecting - Lookalike,Social,39848,542,10,2168.77,3.4
2026-03-24,0.0,0.0,239.51,1364.41,0.0,0.0,Meta Retargeting - DABA,Social,14969,480,32,1364.41,5.7
2026-03-24,0.0,0.0,0.0,0.0,94.17,383.11,Microsoft Search - Generic,Search,11771,576,17,383.11,4.07
2026-03-25,301.41,1591.18,0.0,0.0,0.0,0.0,Google Search - Brand,Search,25117,2177,108,1591.18,5.28
2026-03-25,552.71,2234.18,0.0,0.0,0.0,0.0,Google Performance Max - Core,PMax,46059,867,24,2234.18,4.04
2026-03-25,0.0,0.0,657.14,1953.64,0.0,0.0,Meta Prospecting - Lookalike,Social,41071,601,13,1953.64,2.97
2026-03-25,0.0,0.0,272.94,1752.33,0.0,0.0,Meta Retargeting - DABA,Social,17058,631,35,1752.33,6.42
2026-03-25,0.0,0.0,0.0,0.0,97.09,358.03,Microsoft Search - Generic,Search,12136,567,18,358.03,3.69
2026-03-26,342.8,1495.12,0.0,0.0,0.0,0.0,Google Search - Brand,Search,28566,2349,128,1495.12,4.36
2026-03-26,554.3,1643.4,0.0,0.0,0.0,0.0,Google Performance Max - Core,PMax,46191,1001,24,1643.4,2.96
2026-03-26,0.0,0.0,647.67,1852.01,0.0,0.0,Meta Prospecting - Lookalike,Social,40479,567,11,1852.01,2.86
2026-03-26,0.0,0.0,223.48,1138.54,0.0,0.0,Meta Retargeting - DABA,Social,13967,475,24,1138.54,5.09
2026-03-26,0.0,0.0,0.0,0.0,89.05,282.12,Microsoft Search - Generic,Search,11131,608,18,282.12,3.17
2026-03-27,293.92,1445.86,0.0,0.0,0.0,0.0,Google Search - Brand,Search,24493,1885,94,1445.86,4.92
2026-03-27,440.85,1393.65,0.0,0.0,0.0,0.0,Google Performance Max - Core,PMax,36737,755,17,1393.65,3.16
2026-03-27,0.0,0.0,627.04,1797.7,0.0,0.0,Meta Prospecting - Lookalike,Social,39190,546,9,1797.7,2.87
2026-03-27,0.0,0.0,246.99,1356.47,0.0,0.0,Meta Retargeting - DABA,Social,15436,492,33,1356.47,5.49
2026-03-27,0.0,0.0,0.0,0.0,105.85,337.71,Microsoft Search - Generic,Search,13231,725,20,337.71,3.19
2026-03-28,265.92,995.47,0.0,0.0,0.0,0.0,Google Search - Brand,Search,22160,1703,74,995.47,3.74
2026-03-28,434.34,1293.2,0.0,0.0,0.0,0.0,Google Performance Max - Core,PMax,36195,725,20,1293.2,2.98
2026-03-28,0.0,0.0,620.74,1655.1,0.0,0.0,Meta Prospecting - Lookalike,Social,38796,559,11,1655.1,2.67
2026-03-28,0.0,0.0,244.46,1145.15,0.0,0.0,Meta Retargeting - DABA,Social,15278,495,33,1145.15,4.68
2026-03-28,0.0,0.0,0.0,0.0,90.84,282.01,Microsoft Search - Generic,Search,11355,552,16,282.01,3.1
2026-03-29,321.03,1723.98,0.0,0.0,0.0,0.0,Google Search - Brand,Search,26752,2255,96,1723.98,5.37
2026-03-29,497.2,1752.08,0.0,0.0,0.0,0.0,Google Performance Max - Core,PMax,41433,748,17,1752.08,3.52
2026-03-29,0.0,0.0,534.68,1764.05,0.0,0.0,Meta Prospecting - Lookalike,Social,33417,504,9,1764.05,3.3
2026-03-29,0.0,0.0,230.59,1211.92,0.0,0.0,Meta Retargeting - DABA,Social,14411,552,36,1211.92,5.26
2026-03-29,0.0,0.0,0.0,0.0,99.64,426.49,Microsoft Search - Generic,Search,12455,574,17,426.49,4.28
2026-03-30,330.99,1652.97,0.0,0.0,0.0,0.0,Google Search - Brand,Search,27582,2029,101,1652.97,4.99
2026-03-30,473.7,1578.92,0.0,0.0,0.0,0.0,Google Performance Max - Core,PMax,39475,826,20,1578.92,3.33
2026-03-30,0.0,0.0,581.01,1776.82,0.0,0.0,Meta Prospecting - Lookalike,Social,36313,540,11,1776.82,3.06
2026-03-30,0.0,0.0,284.15,1784.66,0.0,0.0,Meta Retargeting - DABA,Social,17759,657,37,1784.66,6.28
2026-03-30,0.0,0.0,0.0,0.0,98.13,399.14,Microsoft Search - Generic,Search,12266,583,19,399.14,4.07
2026-03-31,336.16,1768.52,0.0,0.0,0.0,0.0,Google Search - Brand,Search,28013,2223,115,1768.52,5.26
2026-03-31,559.27,2378.55,0.0,0.0,0.0,0.0,Google Performance Max - Core,PMax,46605,957,24,2378.55,4.25
2026-03-31,0.0,0.0,603.31,1987.2,0.0,0.0,Meta Prospecting - Lookalike,Social,37706,526,11,1987.2,3.29
2026-03-31,0.0,0.0,263.52,1769.27,0.0,0.0,Meta Retargeting - DABA,Social,16470,523,27,1769.27,6.71
2026-03-31,0.0,0.0,0.0,0.0,87.16,409.92,Microsoft Search - Generic,Search,10895,498,12,409.92,4.7
2026-04-01,321.38,2032.79,0.0,0.0,0.0,0.0,Google Search - Brand,Search,26781,2079,97,2032.79,6.33
2026-04-01,541.2,2163.56,0.0,0.0,0.0,0.0,Google Performance Max - Core,PMax,45100,931,21,2163.56,4.0
2026-04-01,0.0,0.0,527.71,1779.09,0.0,0.0,Meta Prospecting - Lookalike,Social,32981,510,11,1779.09,3.37
2026-04-01,0.0,0.0,214.07,1366.38,0.0,0.0,Meta Retargeting - DABA,Social,13379,429,29,1366.38,6.38
2026-04-01,0.0,0.0,0.0,0.0,108.08,467.29,Microsoft Search - Generic,Search,13510,692,20,467.29,4.32
2026-04-02,265.92,1261.35,0.0,0.0,0.0,0.0,Google Search - Brand,Search,22160,1813,98,1261.35,4.74
2026-04-02,504.55,1860.35,0.0,0.0,0.0,0.0,Google Performance Max - Core,PMax,42045,763,21,1860.35,3.69
2026-04-02,0.0,0.0,562.71,1870.08,0.0,0.0,Meta Prospecting - Lookalike,Social,35169,578,11,1870.08,3.32
2026-04-02,0.0,0.0,268.61,1590.17,0.0,0.0,Meta Retargeting - DABA,Social,16788,624,39,1590.17,5.92
2026-04-02,0.0,0.0,0.0,0.0,95.15,345.24,Microsoft Search - Generic,Search,11893,645,17,345.24,3.63
2026-04-03,293.89,1443.34,0.0,0.0,0.0,0.0,Google Search - Brand,Search,24490,1935,100,1443.34,4.91
2026-04-03,461.1,1799.03,0.0,0.0,0.0,0.0,Google Performance Max - Core,PMax,38425,710,16,1799.03,3.9
2026-04-03,0.0,0.0,626.25,2115.9,0.0,0.0,Meta Prospecting - Lookalike,Social,39140,561,12,2115.9,3.38
2026-04-03,0.0,0.0,275.99,1723.54,0.0,0.0,Meta Retargeting - DABA,Social,17249,654,36,1723.54,6.24
2026-04-03,0.0,0.0,0.0,0.0,98.82,407.13,Microsoft Search - Generic,Search,12352,659,21,407.13,4.12
2026-04-04,314.05,1193.09,0.0,0.0,0.0,0.0,Google Search - Brand,Search,26170,1958,99,1193.09,3.8
2026-04-04,565.61,1588.32,0.0,0.0,0.0,0.0,Google Performance Max - Core,PMax,47134,856,19,1588.32,2.81
2026-04-04,0.0,0.0,640.68,1329.42,0.0,0.0,Meta Prospecting - Lookalike,Social,40042,638,11,1329.42,2.08
2026-04-04,0.0,0.0,275.55,1147.63,0.0,0.0,Meta Retargeting - DABA,Social,17221,630,38,1147.63,4.16
2026-04-04,0.0,0.0,0.0,0.0,100.25,285.77,Microsoft Search - Generic,Search,12531,601,18,285.77,2.85
2026-04-05,333.6,1557.91,0.0,0.0,0.0,0.0,Google Search - Brand,Search,27800,2284,123,1557.91,4.67
2026-04-05,494.23,1474.01,0.0,0.0,0.0,0.0,Google Performance Max - Core,PMax,41185,742,17,1474.01,2.98
2026-04-05,0.0,0.0,688.53,2015.2,0.0,0.0,Meta Prospecting - Lookalike,Social,43033,593,11,2015.2,2.93
2026-04-05,0.0,0.0,227.8,1255.65,0.0,0.0,Meta Retargeting - DABA,Social,14237,503,32,1255.65,5.51
2026-04-05,0.0,0.0,0.0,0.0,90.64,324.6,Microsoft Search - Generic,Search,11330,550,17,324.6,3.58
2026-04-06,255.47,1162.08,0.0,0.0,0.0,0.0,Google Search - Brand,Search,21289,1792,77,1162.08,4.55
2026-04-06,455.37,1528.8,0.0,0.0,0.0,0.0,Google Performance Max - Core,PMax,37947,828,19,1528.8,3.36
2026-04-06,0.0,0.0,536.8,1451.01,0.0,0.0,Meta Prospecting - Lookalike,Social,33550,483,10,1451.01,2.7
2026-04-06,0.0,0.0,240.12,1372.57,0.0,0.0,Meta Retargeting - DABA,Social,15007,519,33,1372.57,5.72
2026-04-06,0.0,0.0,0.0,0.0,102.79,387.55,Microsoft Search - Generic,Search,12848,628,18,387.55,3.77
2026-04-07,255.29,1372.81,0.0,0.0,0.0,0.0,Google Search - Brand,Search,21274,1742,83,1372.81,5.38
2026-04-07,438.95,1710.38,0.0,0.0,0.0,0.0,Google Performance Max - Core,PMax,36579,744,18,1710.38,3.9
2026-04-07,0.0,0.0,521.67,1727.59,0.0,0.0,Meta Prospecting - Lookalike,Social,32604,496,10,1727.59,3.31
2026-04-07,0.0,0.0,257.76,1560.11,0.0,0.0,Meta Retargeting - DABA,Social,16110,583,38,1560.11,6.05
2026-04-07,0.0,0.0,0.0,0.0,109.75,421.41,Microsoft Search - Generic,Search,13718,685,17,421.41,3.84
2026-04-08,285.08,1345.04,0.0,0.0,0.0,0.0,Google Search - Brand,Search,23756,2008,106,1345.04,4.72
2026-04-08,502.59,1956.29,0.0,0.0,0.0,0.0,Google Performance Max - Core,PMax,41882,827,18,1956.29,3.89
2026-04-08,0.0,0.0,588.12,1828.67,0.0,0.0,Meta Prospecting - Lookalike,Social,36757,505,9,1828.67,3.11
2026-04-08,0.0,0.0,267.67,1632.11,0.0,0.0,Meta Retargeting - DABA,Social,16729,643,43,1632.11,6.1
2026-04-08,0.0,0.0,0.0,0.0,97.64,404.21,Microsoft Search - Generic,Search,12205,626,20,404.21,4.14
2026-04-09,291.89,1213.24,0.0,0.0,0.0,0.0,Google Search - Brand,Search,24324,2078,100,1213.24,4.16
2026-04-09,513.17,1665.75,0.0,0.0,0.0,0.0,Google Performance Max - Core,PMax,42764,801,19,1665.75,3.25
2026-04-09,0.0,0.0,514.72,1393.52,0.0,0.0,Meta Prospecting - Lookalike,Social,32170,436,9,1393.52,2.71
2026-04-09,0.0,0.0,251.36,1247.75,0.0,0.0,Meta Retargeting - DABA,Social,15710,527,35,1247.75,4.96
2026-04-09,0.0,0.0,0.0,0.0,97.89,326.12,Microsoft Search - Generic,Search,12236,657,21,326.12,3.33
2026-04-10,327.24,1380.13,0.0,0.0,0.0,0.0,Google Search - Brand,Search,27270,2163,107,1380.13,4.22
2026-04-10,437.09,1296.16,0.0,0.0,0.0,0.0,Google Performance Max - Core,PMax,36424,761,19,1296.16,2.97
2026-04-10,0.0,0.0,641.31,1772.99,0.0,0.0,Meta Prospecting - Lookalike,Social,40081,633,11,1772.99,2.76
2026-04-10,0.0,0.0,222.65,1183.3,0.0,0.0,Meta Retargeting - DABA,Social,13915,511,32,1183.3,5.31
2026-04-10,0.0,0.0,0.0,0.0,87.07,332.58,Microsoft Search - Generic,Search,10883,495,13,332.58,3.82
2026-04-11,277.23,950.46,0.0,0.0,0.0,0.0,Google Search - Brand,Search,23102,1998,92,950.46,3.43
2026-04-11,538.91,1316.69,0.0,0.0,0.0,0.0,Google Performance Max - Core,PMax,44909,889,24,1316.69,2.44
2026-04-11,0.0,0.0,597.76,1222.59,0.0,0.0,Meta Prospecting - Lookalike,Social,37360,508,8,1222.59,2.05
2026-04-11,0.0,0.0,222.94,1002.82,0.0,0.0,Meta Retargeting - DABA,Social,13933,490,28,1002.82,4.5
2026-04-11,0.0,0.0,0.0,0.0,112.0,304.03,Microsoft Search - Generic,Search,14000,633,19,304.03,2.71
2026-04-12,305.42,1501.77,0.0,0.0,0.0,0.0,Google Search - Brand,Search,25451,2213,95,1501.77,4.92
2026-04-12,464.02,1460.75,0.0,0.0,0.0,0.0,Google Performance Max - Core,PMax,38668,809,23,1460.75,3.15
2026-04-12,0.0,0.0,627.75,1672.11,0.0,0.0,Meta Prospecting - Lookalike,Social,39234,552,11,1672.11,2.66
2026-04-12,0.0,0.0,285.4,1473.37,0.0,0.0,Meta Retargeting - DABA,Social,17837,637,36,1473.37,5.16
2026-04-12,0.0,0.0,0.0,0.0,89.54,289.2,Microsoft Search - Generic,Search,11192,528,14,289.2,3.23
2026-04-13,305.51,1471.2,0.0,0.0,0.0,0.0,Google Search - Brand,Search,25459,2046,90,1471.2,4.82
2026-04-13,533.42,1829.89,0.0,0.0,0.0,0.0,Google Performance Max - Core,PMax,44451,812,21,1829.89,3.43
2026-04-13,0.0,0.0,524.71,1481.98,0.0,0.0,Meta Prospecting - Lookalike,Social,32794,487,9,1481.98,2.82
2026-04-13,0.0,0.0,283.43,1375.32,0.0,0.0,Meta Retargeting - DABA,Social,17714,663,41,1375.32,4.85
2026-04-13,0.0,0.0,0.0,0.0,97.35,338.16,Microsoft Search - Generic,Search,12168,626,19,338.16,3.47
2026-04-14,301.13,1421.92,0.0,0.0,0.0,0.0,Google Search - Brand,Search,25094,2130,105,1421.92,4.72
2026-04-14,542.94,1818.98,0.0,0.0,0.0,0.0,Google Performance Max - Core,PMax,45245,850,19,1818.98,3.35
2026-04-14,0.0,0.0,569.44,1710.64,0.0,0.0,Meta Prospecting - Lookalike,Social,35590,561,11,1710.64,3.0
2026-04-14,0.0,0.0,278.34,1566.23,0.0,0.0,Meta Retargeting - DABA,Social,17396,655,43,1566.23,5.63
2026-04-14,0.0,0.0,0.0,0.0,98.54,375.9,Microsoft Search - Generic,Search,12317,675,21,375.9,3.81
2026-04-15,260.87,1222.34,0.0,0.0,0.0,0.0,Google Search - Brand,Search,21739,1726,96,1222.34,4.69
2026-04-15,499.67,1853.02,0.0,0.0,0.0,0.0,Google Performance Max - Core,PMax,41639,767,20,1853.02,3.71
2026-04-15,0.0,0.0,578.48,1982.7,0.0,0.0,Meta Prospecting - Lookalike,Social,36155,572,13,1982.7,3.43
2026-04-15,0.0,0.0,251.75,1416.27,0.0,0.0,Meta Retargeting - DABA,Social,15734,527,34,1416.27,5.63
2026-04-15,0.0,0.0,0.0,0.0,104.04,425.26,Microsoft Search - Generic,Search,13005,688,19,425.26,4.09
2026-04-16,302.97,1476.55,0.0,0.0,0.0,0.0,Google Search - Brand,Search,25247,1881,99,1476.55,4.87
2026-04-16,472.51,1600.72,0.0,0.0,0.0,0.0,Google Performance Max - Core,PMax,39375,843,23,1600.72,3.39
2026-04-16,0.0,0.0,687.03,1837.85,0.0,0.0,Meta Prospecting - Lookalike,Social,42939,597,10,1837.85,2.68
2026-04-16,0.0,0.0,279.55,1361.85,0.0,0.0,Meta Retargeting - DABA,Social,17471,630,33,1361.85,4.87
2026-04-16,0.0,0.0,0.0,0.0,103.46,357.79,Microsoft Search - Generic,Search,12932,592,19,357.79,3.46
2026-04-17,300.47,1434.22,0.0,0.0,0.0,0.0,Google Search - Brand,Search,25039,2190,106,1434.22,4.77
2026-04-17,525.19,1843.33,0.0,0.0,0.0,0.0,Google Performance Max - Core,PMax,43765,898,20,1843.33,3.51
2026-04-17,0.0,0.0,586.95,1769.0,0.0,0.0,Meta Prospecting - Lookalike,Social,36684,513,8,1769.0,3.01
2026-04-17,0.0,0.0,252.05,1326.32,0.0,0.0,Meta Retargeting - DABA,Social,15753,575,38,1326.32,5.26
2026-04-17,0.0,0.0,0.0,0.0,106.94,342.81,Microsoft Search - Generic,Search,13367,626,20,342.81,3.21
2026-04-18,303.67,1162.97,0.0,0.0,0.0,0.0,Google Search - Brand,Search,25305,2109,99,1162.97,3.83
2026-04-18,548.25,1395.43,0.0,0.0,0.0,0.0,Google Performance Max - Core,PMax,45687,906,21,1395.43,2.55
2026-04-18,0.0,0.0,659.08,1474.63,0.0,0.0,Meta Prospecting - Lookalike,Social,41192,597,10,1474.63,2.24
2026-04-18,0.0,0.0,274.45,1190.12,0.0,0.0,Meta Retargeting - DABA,Social,17153,552,30,1190.12,4.34
2026-04-18,0.0,0.0,0.0,0.0,95.44,248.1,Microsoft Search - Generic,Search,11930,590,19,248.1,2.6
2026-04-19,310.88,1441.25,0.0,0.0,0.0,0.0,Google Search - Brand,Search,25906,2011,110,1441.25,4.64
2026-04-19,571.87,1819.48,0.0,0.0,0.0,0.0,Google Performance Max - Core,PMax,47655,978,21,1819.48,3.18
2026-04-19,0.0,0.0,568.52,1647.95,0.0,0.0,Meta Prospecting - Lookalike,Social,35532,552,9,1647.95,2.9
2026-04-19,0.0,0.0,276.68,1345.18,0.0,0.0,Meta Retargeting - DABA,Social,17292,572,37,1345.18,4.86
2026-04-19,0.0,0.0,0.0,0.0,104.29,348.9,Microsoft Search - Generic,Search,13036,677,20,348.9,3.35
2026-04-20,274.14,1185.6,0.0,0.0,0.0,0.0,Google Search - Brand,Search,22845,1656,77,1185.6,4.32
2026-04-20,565.75,1865.86,0.0,0.0,0.0,0.0,Google Performance Max - Core,PMax,47145,1012,27,1865.86,3.3
2026-04-20,0.0,0.0,629.7,1864.88,0.0,0.0,Meta Prospecting - Lookalike,Social,39356,562,12,1864.88,2.96
2026-04-20,0.0,0.0,254.53,1368.75,0.0,0.0,Meta Retargeting - DABA,Social,15908,513,30,1368.75,5.38
2026-04-20,0.0,0.0,0.0,0.0,110.94,385.21,Microsoft Search - Generic,Search,13867,699,20,385.21,3.47
2026-04-21,264.96,1501.92,0.0,0.0,0.0,0.0,Google Search - Brand,Search,22080,1739,75,1501.92,5.67
2026-04-21,562.71,2170.13,0.0,0.0,0.0,0.0,Google Performance Max - Core,PMax,46892,896,24,2170.13,3.86
2026-04-21,0.0,0.0,673.94,2079.91,0.0,0.0,Meta Prospecting - Lookalike,Social,42121,663,14,2079.91,3.09
2026-04-21,0.0,0.0,284.71,1538.44,0.0,0.0,Meta Retargeting - DABA,Social,17794,651,36,1538.44,5.4
2026-04-21,0.0,0.0,0.0,0.0,93.45,400.92,Microsoft Search - Generic,Search,11681,627,16,400.92,4.29
2026-04-22,303.66,1635.46,0.0,0.0,0.0,0.0,Google Search - Brand,Search,25305,1861,85,1635.46,5.39
2026-04-22,495.32,1645.02,0.0,0.0,0.0,0.0,Google Performance Max - Core,PMax,41276,792,20,1645.02,3.32
2026-04-22,0.0,0.0,563.99,1742.4,0.0,0.0,Meta Prospecting - Lookalike,Social,35249,554,9,1742.4,3.09
2026-04-22,0.0,0.0,276.42,1786.19,0.0,0.0,Meta Retargeting - DABA,Social,17276,624,38,1786.19,6.46
2026-04-22,0.0,0.0,0.0,0.0,90.56,393.1,Microsoft Search - Generic,Search,11320,518,14,393.1,4.34
2026-04-23,258.12,1229.97,0.0,0.0,0.0,0.0,Google Search - Brand,Search,21510,1749,100,1229.97,4.77
2026-04-23,503.22,1724.86,0.0,0.0,0.0,0.0,Google Performance Max - Core,PMax,41935,765,21,1724.86,3.43
2026-04-23,0.0,0.0,530.69,1515.35,0.0,0.0,Meta Prospecting - Lookalike,Social,33168,457,10,1515.35,2.86
2026-04-23,0.0,0.0,274.7,1476.78,0.0,0.0,Meta Retargeting - DABA,Social,17168,646,39,1476.78,5.38
2026-04-23,0.0,0.0,0.0,0.0,97.91,343.88,Microsoft Search - Generic,Search,12238,589,17,343.88,3.51
2026-04-24,309.17,1467.47,0.0,0.0,0.0,0.0,Google Search - Brand,Search,25764,2222,109,1467.47,4.75
2026-04-24,519.7,1698.66,0.0,0.0,0.0,0.0,Google Performance Max - Core,PMax,43308,882,23,1698.66,3.27
2026-04-24,0.0,0.0,602.23,1597.69,0.0,0.0,Meta Prospecting - Lookalike,Social,37639,519,10,1597.69,2.65
2026-04-24,0.0,0.0,261.42,1356.03,0.0,0.0,Meta Retargeting - DABA,Social,16338,623,38,1356.03,5.19
2026-04-24,0.0,0.0,0.0,0.0,100.19,367.75,Microsoft Search - Generic,Search,12523,642,16,367.75,3.67
2026-04-25,287.57,984.4,0.0,0.0,0.0,0.0,Google Search - Brand,Search,23964,1906,82,984.4,3.42
2026-04-25,466.52,1108.31,0.0,0.0,0.0,0.0,Google Performance Max - Core,PMax,38876,850,20,1108.31,2.38
2026-04-25,0.0,0.0,545.3,1217.08,0.0,0.0,Meta Prospecting - Lookalike,Social,34081,522,9,1217.08,2.23
2026-04-25,0.0,0.0,251.24,983.91,0.0,0.0,Meta Retargeting - DABA,Social,15702,495,25,983.91,3.92
2026-04-25,0.0,0.0,0.0,0.0,86.1,227.53,Microsoft Search - Generic,Search,10762,495,14,227.53,2.64
2026-04-26,306.48,1462.62,0.0,0.0,0.0,0.0,Google Search - Brand,Search,25540,2048,96,1462.62,4.77
2026-04-26,484.55,1684.45,0.0,0.0,0.0,0.0,Google Performance Max - Core,PMax,40379,740,19,1684.45,3.48
2026-04-26,0.0,0.0,572.14,1478.27,0.0,0.0,Meta Prospecting - Lookalike,Social,35758,537,11,1478.27,2.58
2026-04-26,0.0,0.0,265.17,1377.1,0.0,0.0,Meta Retargeting - DABA,Social,16573,637,33,1377.1,5.19
2026-04-26,0.0,0.0,0.0,0.0,96.84,323.67,Microsoft Search - Generic,Search,12105,595,17,323.67,3.34
2026-04-27,319.26,1553.79,0.0,0.0,0.0,0.0,Google Search - Brand,Search,26605,2174,102,1553.79,4.87
2026-04-27,568.26,1936.19,0.0,0.0,0.0,0.0,Google Performance Max - Core,PMax,47355,1007,21,1936.19,3.41
2026-04-27,0.0,0.0,519.2,1493.42,0.0,0.0,Meta Prospecting - Lookalike,Social,32450,463,8,1493.42,2.88
2026-04-27,0.0,0.0,263.99,1401.25,0.0,0.0,Meta Retargeting - DABA,Social,16499,532,30,1401.25,5.31
2026-04-27,0.0,0.0,0.0,0.0,96.07,333.3,Microsoft Search - Generic,Search,12008,554,16,333.3,3.47
2026-04-28,261.39,1591.12,0.0,0.0,0.0,0.0,Google Search - Brand,Search,21782,1596,76,1591.12,6.09
2026-04-28,525.29,2356.31,0.0,0.0,0.0,0.0,Google Performance Max - Core,PMax,43774,906,21,2356.31,4.49
2026-04-28,0.0,0.0,511.82,1880.4,0.0,0.0,Meta Prospecting - Lookalike,Social,31988,492,11,1880.4,3.67
2026-04-28,0.0,0.0,278.03,1904.06,0.0,0.0,Meta Retargeting - DABA,Social,17376,635,33,1904.06,6.85
2026-04-28,0.0,0.0,0.0,0.0,86.99,423.72,Microsoft Search - Generic,Search,10873,547,14,423.72,4.87
2026-04-29,292.98,1532.28,0.0,0.0,0.0,0.0,Google Search - Brand,Search,24415,1873,93,1532.28,5.23
2026-04-29,431.56,1806.18,0.0,0.0,0.0,0.0,Google Performance Max - Core,PMax,35963,665,16,1806.18,4.19
2026-04-29,0.0,0.0,641.25,2240.07,0.0,0.0,Meta Prospecting - Lookalike,Social,40078,619,13,2240.07,3.49
2026-04-29,0.0,0.0,244.74,1702.28,0.0,0.0,Meta Retargeting - DABA,Social,15296,553,30,1702.28,6.96
2026-04-29,0.0,0.0,0.0,0.0,108.67,470.91,Microsoft Search - Generic,Search,13583,671,21,470.91,4.33
2026-04-30,332.18,1782.15,0.0,0.0,0.0,0.0,Google Search - Brand,Search,27681,2399,117,1782.15,5.37
2026-04-30,512.33,1769.67,0.0,0.0,0.0,0.0,Google Performance Max - Core,PMax,42694,831,21,1769.67,3.45
2026-04-30,0.0,0.0,633.91,2069.68,0.0,0.0,Meta Prospecting - Lookalike,Social,39619,579,10,2069.68,3.26
2026-04-30,0.0,0.0,223.19,1281.8,0.0,0.0,Meta Retargeting - DABA,Social,13949,526,30,1281.8,5.74
2026-04-30,0.0,0.0,0.0,0.0,85.76,312.95,Microsoft Search - Generic,Search,10720,551,17,312.95,3.65
2026-05-01,261.45,1275.7,0.0,0.0,0.0,0.0,Google Search - Brand,Search,21787,1711,80,1275.7,4.88
2026-05-01,515.87,1914.37,0.0,0.0,0.0,0.0,Google Performance Max - Core,PMax,42989,836,19,1914.37,3.71
2026-05-01,0.0,0.0,591.72,2036.76,0.0,0.0,Meta Prospecting - Lookalike,Social,36982,575,10,2036.76,3.44
2026-05-01,0.0,0.0,214.57,1246.05,0.0,0.0,Meta Retargeting - DABA,Social,13410,469,32,1246.05,5.81
2026-05-01,0.0,0.0,0.0,0.0,86.17,329.96,Microsoft Search - Generic,Search,10771,488,14,329.96,3.83
2026-05-02,257.1,966.14,0.0,0.0,0.0,0.0,Google Search - Brand,Search,21425,1801,88,966.14,3.76
2026-05-02,560.01,1537.98,0.0,0.0,0.0,0.0,Google Performance Max - Core,PMax,46667,861,24,1537.98,2.75
2026-05-02,0.0,0.0,669.91,1618.14,0.0,0.0,Meta Prospecting - Lookalike,Social,41869,640,14,1618.14,2.42
2026-05-02,0.0,0.0,234.13,1196.46,0.0,0.0,Meta Retargeting - DABA,Social,14633,559,32,1196.46,5.11
2026-05-02,0.0,0.0,0.0,0.0,95.21,291.74,Microsoft Search - Generic,Search,11901,599,16,291.74,3.06
2026-05-03,303.75,1547.35,0.0,0.0,0.0,0.0,Google Search - Brand,Search,25312,2131,117,1547.35,5.09
2026-05-03,470.35,1665.65,0.0,0.0,0.0,0.0,Google Performance Max - Core,PMax,39195,746,16,1665.65,3.54
2026-05-03,0.0,0.0,571.64,1634.07,0.0,0.0,Meta Prospecting - Lookalike,Social,35727,511,11,1634.07,2.86
2026-05-03,0.0,0.0,238.55,1405.35,0.0,0.0,Meta Retargeting - DABA,Social,14909,530,28,1405.35,5.89
2026-05-03,0.0,0.0,0.0,0.0,103.79,402.3,Microsoft Search - Generic,Search,12973,647,18,402.3,3.88
2026-05-04,334.23,1652.59,0.0,0.0,0.0,0.0,Google Search - Brand,Search,27852,2283,116,1652.59,4.94
2026-05-04,455.2,1491.79,0.0,0.0,0.0,0.0,Google Performance Max - Core,PMax,37933,742,15,1491.79,3.28
2026-05-04,0.0,0.0,607.74,1693.35,0.0,0.0,Meta Prospecting - Lookalike,Social,37983,538,12,1693.35,2.79
2026-05-04,0.0,0.0,266.66,1500.18,0.0,0.0,Meta Retargeting - DABA,Social,16666,587,39,1500.18,5.63
2026-05-04,0.0,0.0,0.0,0.0,108.72,352.41,Microsoft Search - Generic,Search,13590,628,20,352.41,3.24
2026-05-05,333.94,1650.64,0.0,0.0,0.0,0.0,Google Search - Brand,Search,27828,2423,108,1650.64,4.94
2026-05-05,572.15,2089.79,0.0,0.0,0.0,0.0,Google Performance Max - Core,PMax,47679,950,26,2089.79,3.65
2026-05-05,0.0,0.0,577.56,1892.75,0.0,0.0,Meta Prospecting - Lookalike,Social,36097,518,9,1892.75,3.28
2026-05-05,0.0,0.0,241.49,1519.72,0.0,0.0,Meta Retargeting - DABA,Social,15093,529,31,1519.72,6.29
2026-05-05,0.0,0.0,0.0,0.0,110.97,453.56,Microsoft Search - Generic,Search,13871,760,22,453.56,4.09
2026-05-06,323.81,1785.48,0.0,0.0,0.0,0.0,Google Search - Brand,Search,26984,2190,124,1785.48,5.51
2026-05-06,441.39,1527.01,0.0,0.0,0.0,0.0,Google Performance Max - Core,PMax,36782,787,19,1527.01,3.46
2026-05-06,0.0,0.0,670.76,2309.73,0.0,0.0,Meta Prospecting - Lookalike,Social,41922,573,12,2309.73,3.44
2026-05-06,0.0,0.0,250.78,1484.16,0.0,0.0,Meta Retargeting - DABA,Social,15673,562,38,1484.16,5.92
2026-05-06,0.0,0.0,0.0,0.0,99.31,361.28,Microsoft Search - Generic,Search,12413,643,20,361.28,3.64
2026-05-07,267.1,1248.23,0.0,0.0,0.0,0.0,Google Search - Brand,Search,22258,1709,81,1248.23,4.67
2026-05-07,466.81,1584.75,0.0,0.0,0.0,0.0,Google Performance Max - Core,PMax,38900,732,20,1584.75,3.39
2026-05-07,0.0,0.0,689.61,1741.24,0.0,0.0,Meta Prospecting - Lookalike,Social,43100,669,14,1741.24,2.52
2026-05-07,0.0,0.0,213.57,1064.95,0.0,0.0,Meta Retargeting - DABA,Social,13348,489,32,1064.95,4.99
2026-05-07,0.0,0.0,0.0,0.0,89.29,327.55,Microsoft Search - Generic,Search,11161,586,18,327.55,3.67
2026-05-08,323.95,1504.0,0.0,0.0,0.0,0.0,Google Search - Brand,Search,26995,2309,119,1504.0,4.64
2026-05-08,498.14,1462.89,0.0,0.0,0.0,0.0,Google Performance Max - Core,PMax,41511,760,18,1462.89,2.94
2026-05-08,0.0,0.0,521.88,1434.12,0.0,0.0,Meta Prospecting - Lookalike,Social,32617,474,8,1434.12,2.75
2026-05-08,0.0,0.0,283.58,1565.52,0.0,0.0,Meta Retargeting - DABA,Social,17723,567,38,1565.52,5.52
2026-05-08,0.0,0.0,0.0,0.0,93.99,330.45,Microsoft Search - Generic,Search,11748,537,16,330.45,3.52
2026-05-09,318.64,1214.67,0.0,0.0,0.0,0.0,Google Search - Brand,Search,26553,1933,84,1214.67,3.81
2026-05-09,469.29,1178.05,0.0,0.0,0.0,0.0,Google Performance Max - Core,PMax,39107,740,17,1178.05,2.51
2026-05-09,0.0,0.0,677.26,1609.14,0.0,0.0,Meta Prospecting - Lookalike,Social,42328,622,13,1609.14,2.38
2026-05-09,0.0,0.0,248.23,995.77,0.0,0.0,Meta Retargeting - DABA,Social,15514,513,32,995.77,4.01
2026-05-09,0.0,0.0,0.0,0.0,103.1,316.33,Microsoft Search - Generic,Search,12887,626,19,316.33,3.07
2026-05-10,334.98,1393.73,0.0,0.0,0.0,0.0,Google Search - Brand,Search,27915,2234,110,1393.73,4.16
2026-05-10,518.72,1688.41,0.0,0.0,0.0,0.0,Google Performance Max - Core,PMax,43226,790,20,1688.41,3.25
2026-05-10,0.0,0.0,638.51,1695.55,0.0,0.0,Meta Prospecting - Lookalike,Social,39906,637,13,1695.55,2.66
2026-05-10,0.0,0.0,251.51,1321.58,0.0,0.0,Meta Retargeting - DABA,Social,15719,510,33,1321.58,5.25
2026-05-10,0.0,0.0,0.0,0.0,99.9,333.66,Microsoft Search - Generic,Search,12487,597,15,333.66,3.34
2026-05-11,259.89,1199.81,0.0,0.0,0.0,0.0,Google Search - Brand,Search,21657,1818,85,1199.81,4.62
2026-05-11,501.67,1444.85,0.0,0.0,0.0,0.0,Google Performance Max - Core,PMax,41805,760,17,1444.85,2.88
2026-05-11,0.0,0.0,521.28,1520.0,0.0,0.0,Meta Prospecting - Lookalike,Social,32580,521,8,1520.0,2.92
2026-05-11,0.0,0.0,268.07,1323.38,0.0,0.0,Meta Retargeting - DABA,Social,16754,564,29,1323.38,4.94
2026-05-11,0.0,0.0,0.0,0.0,93.11,316.78,Microsoft Search - Generic,Search,11638,621,17,316.78,3.4
2026-05-12,335.27,1835.28,0.0,0.0,0.0,0.0,Google Search - Brand,Search,27939,2205,123,1835.28,5.47
2026-05-12,569.61,2044.73,0.0,0.0,0.0,0.0,Google Performance Max - Core,PMax,47467,871,22,2044.73,3.59
2026-05-12,0.0,0.0,579.78,1864.58,0.0,0.0,Meta Prospecting - Lookalike,Social,36236,557,11,1864.58,3.22
2026-05-12,0.0,0.0,225.02,1212.23,0.0,0.0,Meta Retargeting - DABA,Social,14063,513,32,1212.23,5.39
2026-05-12,0.0,0.0,0.0,0.0,107.83,474.47,Microsoft Search - Generic,Search,13478,734,23,474.47,4.4
2026-05-13,264.48,1313.4,0.0,0.0,0.0,0.0,Google Search - Brand,Search,22040,1862,97,1313.4,4.97
2026-05-13,479.01,1603.47,0.0,0.0,0.0,0.0,Google Performance Max - Core,PMax,39917,871,21,1603.47,3.35
2026-05-13,0.0,0.0,592.39,1881.83,0.0,0.0,Meta Prospecting - Lookalike,Social,37024,523,10,1881.83,3.18
2026-05-13,0.0,0.0,216.43,1260.55,0.0,0.0,Meta Retargeting - DABA,Social,13526,498,29,1260.55,5.82
2026-05-13,0.0,0.0,0.0,0.0,110.51,473.46,Microsoft Search - Generic,Search,13813,650,20,473.46,4.28
2026-05-14,334.21,1495.61,0.0,0.0,0.0,0.0,Google Search - Brand,Search,27850,2101,110,1495.61,4.48
2026-05-14,469.3,1534.12,0.0,0.0,0.0,0.0,Google Performance Max - Core,PMax,39108,725,18,1534.12,3.27
2026-05-14,0.0,0.0,566.81,1662.8,0.0,0.0,Meta Prospecting - Lookalike,Social,35425,546,10,1662.8,2.93
2026-05-14,0.0,0.0,227.44,1233.12,0.0,0.0,Meta Retargeting - DABA,Social,14215,536,30,1233.12,5.42
2026-05-14,0.0,0.0,0.0,0.0,86.74,295.56,Microsoft Search - Generic,Search,10842,499,15,295.56,3.41
2026-05-15,330.19,1416.79,0.0,0.0,0.0,0.0,Google Search - Brand,Search,27515,1987,95,1416.79,4.29
2026-05-15,427.9,1324.74,0.0,0.0,0.0,0.0,Google Performance Max - Core,PMax,35658,659,16,1324.74,3.1
2026-05-15,0.0,0.0,582.77,1629.43,0.0,0.0,Meta Prospecting - Lookalike,Social,36423,549,11,1629.43,2.8
2026-05-15,0.0,0.0,247.31,1159.96,0.0,0.0,Meta Retargeting - DABA,Social,15456,591,35,1159.96,4.69
2026-05-15,0.0,0.0,0.0,0.0,94.36,341.99,Microsoft Search - Generic,Search,11795,622,20,341.99,3.62
2026-05-16,342.84,1239.48,0.0,0.0,0.0,0.0,Google Search - Brand,Search,28569,2114,90,1239.48,3.62
2026-05-16,546.07,1473.47,0.0,0.0,0.0,0.0,Google Performance Max - Core,PMax,45505,840,19,1473.47,2.7
2026-05-16,0.0,0.0,562.8,1139.03,0.0,0.0,Meta Prospecting - Lookalike,Social,35175,556,11,1139.03,2.02
2026-05-16,0.0,0.0,240.38,969.6,0.0,0.0,Meta Retargeting - DABA,Social,15023,473,26,969.6,4.03
2026-05-16,0.0,0.0,0.0,0.0,114.23,329.21,Microsoft Search - Generic,Search,14278,763,19,329.21,2.88
2026-05-17,325.49,1581.46,0.0,0.0,0.0,0.0,Google Search - Brand,Search,27124,2291,113,1581.46,4.86
2026-05-17,470.44,1474.7,0.0,0.0,0.0,0.0,Google Performance Max - Core,PMax,39203,715,16,1474.7,3.13
2026-05-17,0.0,0.0,597.13,1587.23,0.0,0.0,Meta Prospecting - Lookalike,Social,37320,587,11,1587.23,2.66
2026-05-17,0.0,0.0,284.33,1347.77,0.0,0.0,Meta Retargeting - DABA,Social,17770,677,44,1347.77,4.74
2026-05-17,0.0,0.0,0.0,0.0,101.33,389.51,Microsoft Search - Generic,Search,12666,691,18,389.51,3.84
2026-05-18,275.28,1205.48,0.0,0.0,0.0,0.0,Google Search - Brand,Search,22939,1723,76,1205.48,4.38
2026-05-18,542.2,1777.52,0.0,0.0,0.0,0.0,Google Performance Max - Core,PMax,45183,917,20,1777.52,3.28
2026-05-18,0.0,0.0,624.47,1857.32,0.0,0.0,Meta Prospecting - Lookalike,Social,39029,572,12,1857.32,2.97
2026-05-18,0.0,0.0,238.39,1180.1,0.0,0.0,Meta Retargeting - DABA,Social,14899,565,31,1180.1,4.95
2026-05-18,0.0,0.0,0.0,0.0,111.7,388.6,Microsoft Search - Generic,Search,13962,727,18,388.6,3.48
2026-05-19,255.71,1229.95,0.0,0.0,0.0,0.0,Google Search - Brand,Search,21309,1749,86,1229.95,4.81
2026-05-19,568.69,1939.7,0.0,0.0,0.0,0.0,Google Performance Max - Core,PMax,47390,953,21,1939.7,3.41
2026-05-19,0.0,0.0,632.33,2036.35,0.0,0.0,Meta Prospecting - Lookalike,Social,39520,542,10,2036.35,3.22
2026-05-19,0.0,0.0,246.97,1567.55,0.0,0.0,Meta Retargeting - DABA,Social,15435,545,32,1567.55,6.35
2026-05-19,0.0,0.0,0.0,0.0,89.97,329.1,Microsoft Search - Generic,Search,11246,556,15,329.1,3.66
2026-05-20,330.93,1558.42,0.0,0.0,0.0,0.0,Google Search - Brand,Search,27577,2418,131,1558.42,4.71
2026-05-20,461.3,1817.7,0.0,0.0,0.0,0.0,Google Performance Max - Core,PMax,38441,839,19,1817.7,3.94
2026-05-20,0.0,0.0,689.07,2419.13,0.0,0.0,Meta Prospecting - Lookalike,Social,43066,673,15,2419.13,3.51
2026-05-20,0.0,0.0,231.97,1406.47,0.0,0.0,Meta Retargeting - DABA,Social,14498,501,30,1406.47,6.06
2026-05-20,0.0,0.0,0.0,0.0,103.67,381.64,Microsoft Search - Generic,Search,12958,710,19,381.64,3.68
2026-05-21,336.71,1603.86,0.0,0.0,0.0,0.0,Google Search - Brand,Search,28059,2443,139,1603.86,4.76
2026-05-21,571.6,1836.97,0.0,0.0,0.0,0.0,Google Performance Max - Core,PMax,47633,1001,22,1836.97,3.21
2026-05-21,0.0,0.0,639.3,1781.77,0.0,0.0,Meta Prospecting - Lookalike,Social,39956,569,11,1781.77,2.79
2026-05-21,0.0,0.0,224.7,1207.37,0.0,0.0,Meta Retargeting - DABA,Social,14043,497,32,1207.37,5.37
2026-05-21,0.0,0.0,0.0,0.0,85.36,298.69,Microsoft Search - Generic,Search,10670,481,13,298.69,3.5
2026-05-22,275.58,1345.82,0.0,0.0,0.0,0.0,Google Search - Brand,Search,22965,1886,86,1345.82,4.88
2026-05-22,552.21,1704.05,0.0,0.0,0.0,0.0,Google Performance Max - Core,PMax,46017,962,21,1704.05,3.09
2026-05-22,0.0,0.0,515.25,1422.13,0.0,0.0,Meta Prospecting - Lookalike,Social,32203,481,10,1422.13,2.76
2026-05-22,0.0,0.0,234.17,1124.78,0.0,0.0,Meta Retargeting - DABA,Social,14635,501,33,1124.78,4.8
2026-05-22,0.0,0.0,0.0,0.0,86.35,332.04,Microsoft Search - Generic,Search,10793,567,16,332.04,3.85
2026-05-23,322.88,1137.37,0.0,0.0,0.0,0.0,Google Search - Brand,Search,26906,2332,132,1137.37,3.52
2026-05-23,478.57,1244.04,0.0,0.0,0.0,0.0,Google Performance Max - Core,PMax,39880,843,19,1244.04,2.6
2026-05-23,0.0,0.0,574.54,1303.46,0.0,0.0,Meta Prospecting - Lookalike,Social,35908,555,10,1303.46,2.27
2026-05-23,0.0,0.0,281.37,1098.3,0.0,0.0,Meta Retargeting - DABA,Social,17585,566,34,1098.3,3.9
2026-05-23,0.0,0.0,0.0,0.0,86.17,227.81,Microsoft Search - Generic,Search,10771,488,13,227.81,2.64
2026-05-24,280.42,1354.45,0.0,0.0,0.0,0.0,Google Search - Brand,Search,23368,2037,104,1354.45,4.83
2026-05-24,512.01,1617.66,0.0,0.0,0.0,0.0,Google Performance Max - Core,PMax,42667,856,23,1617.66,3.16
2026-05-24,0.0,0.0,573.55,1536.08,0.0,0.0,Meta Prospecting - Lookalike,Social,35846,580,13,1536.08,2.68
2026-05-24,0.0,0.0,243.96,1368.19,0.0,0.0,Meta Retargeting - DABA,Social,15247,563,33,1368.19,5.61
2026-05-24,0.0,0.0,0.0,0.0,91.14,318.83,Microsoft Search - Generic,Search,11392,579,15,318.83,3.5
2026-05-25,331.95,1443.45,0.0,0.0,0.0,0.0,Google Search - Brand,Search,27662,2083,90,1443.45,4.35
2026-05-25,566.12,1655.43,0.0,0.0,0.0,0.0,Google Performance Max - Core,PMax,47176,944,22,1655.43,2.92
2026-05-25,0.0,0.0,660.45,1964.24,0.0,0.0,Meta Prospecting - Lookalike,Social,41278,598,12,1964.24,2.97
2026-05-25,0.0,0.0,261.6,1434.08,0.0,0.0,Meta Retargeting - DABA,Social,16350,532,35,1434.08,5.48
2026-05-25,0.0,0.0,0.0,0.0,93.47,329.7,Microsoft Search - Generic,Search,11683,575,14,329.7,3.53
2026-05-26,323.9,1551.43,0.0,0.0,0.0,0.0,Google Search - Brand,Search,26991,1943,94,1551.43,4.79
2026-05-26,433.2,1601.35,0.0,0.0,0.0,0.0,Google Performance Max - Core,PMax,36100,790,18,1601.35,3.7
2026-05-26,0.0,0.0,564.71,1747.16,0.0,0.0,Meta Prospecting - Lookalike,Social,35294,500,8,1747.16,3.09
2026-05-26,0.0,0.0,285.01,1782.54,0.0,0.0,Meta Retargeting - DABA,Social,17813,589,37,1782.54,6.25
2026-05-26,0.0,0.0,0.0,0.0,110.45,466.07,Microsoft Search - Generic,Search,13806,679,19,466.07,4.22
2026-05-27,319.14,1593.84,0.0,0.0,0.0,0.0,Google Search - Brand,Search,26595,2262,102,1593.84,4.99
2026-05-27,560.29,2008.65,0.0,0.0,0.0,0.0,Google Performance Max - Core,PMax,46690,991,28,2008.65,3.59
2026-05-27,0.0,0.0,580.78,1965.21,0.0,0.0,Meta Prospecting - Lookalike,Social,36298,554,11,1965.21,3.38
2026-05-27,0.0,0.0,253.34,1387.25,0.0,0.0,Meta Retargeting - DABA,Social,15833,577,31,1387.25,5.48
2026-05-27,0.0,0.0,0.0,0.0,102.51,435.76,Microsoft Search - Generic,Search,12813,698,18,435.76,4.25
2026-05-28,309.14,1484.94,0.0,0.0,0.0,0.0,Google Search - Brand,Search,25761,1977,105,1484.94,4.8
2026-05-28,440.38,1660.08,0.0,0.0,0.0,0.0,Google Performance Max - Core,PMax,36698,735,18,1660.08,3.77
2026-05-28,0.0,0.0,677.93,2070.41,0.0,0.0,Meta Prospecting - Lookalike,Social,42370,677,14,2070.41,3.05
2026-05-28,0.0,0.0,247.13,1500.98,0.0,0.0,Meta Retargeting - DABA,Social,15445,586,37,1500.98,6.07
2026-05-28,0.0,0.0,0.0,0.0,110.85,454.43,Microsoft Search - Generic,Search,13856,661,21,454.43,4.1
2026-05-29,286.08,1353.96,0.0,0.0,0.0,0.0,Google Search - Brand,Search,23840,1844,105,1353.96,4.73
2026-05-29,530.18,2035.66,0.0,0.0,0.0,0.0,Google Performance Max - Core,PMax,44181,923,23,2035.66,3.84
2026-05-29,0.0,0.0,599.33,2047.56,0.0,0.0,Meta Prospecting - Lookalike,Social,37458,548,9,2047.56,3.42
2026-05-29,0.0,0.0,267.58,1647.59,0.0,0.0,Meta Retargeting - DABA,Social,16723,571,29,1647.59,6.16
2026-05-29,0.0,0.0,0.0,0.0,85.34,357.21,Microsoft Search - Generic,Search,10667,555,18,357.21,4.19
2026-05-30,276.15,1099.55,0.0,0.0,0.0,0.0,Google Search - Brand,Search,23012,1916,104,1099.55,3.98
2026-05-30,570.06,1649.65,0.0,0.0,0.0,0.0,Google Performance Max - Core,PMax,47504,864,21,1649.65,2.89
2026-05-30,0.0,0.0,665.28,1741.98,0.0,0.0,Meta Prospecting - Lookalike,Social,41580,583,12,1741.98,2.62
2026-05-30,0.0,0.0,242.24,1140.54,0.0,0.0,Meta Retargeting - DABA,Social,15140,490,32,1140.54,4.71
2026-05-30,0.0,0.0,0.0,0.0,94.29,275.43,Microsoft Search - Generic,Search,11786,564,18,275.43,2.92
2026-05-31,326.7,1703.44,0.0,0.0,0.0,0.0,Google Search - Brand,Search,27224,2069,107,1703.44,5.21
2026-05-31,549.92,1999.19,0.0,0.0,0.0,0.0,Google Performance Max - Core,PMax,45826,990,21,1999.19,3.64
2026-05-31,0.0,0.0,519.33,1685.3,0.0,0.0,Meta Prospecting - Lookalike,Social,32458,491,9,1685.3,3.25
2026-05-31,0.0,0.0,238.97,1337.98,0.0,0.0,Meta Retargeting - DABA,Social,14935,535,30,1337.98,5.6
2026-05-31,0.0,0.0,0.0,0.0,97.14,398.51,Microsoft Search - Generic,Search,12142,554,18,398.51,4.1
2026-06-01,293.95,1418.03,0.0,0.0,0.0,0.0,Google Search - Brand,Search,24495,2032,96,1418.03,4.82
2026-06-01,481.09,1571.32,0.0,0.0,0.0,0.0,Google Performance Max - Core,PMax,40090,873,22,1571.32,3.27
2026-06-01,0.0,0.0,623.81,2023.36,0.0,0.0,Meta Prospecting - Lookalike,Social,38988,549,10,2023.36,3.24
2026-06-01,0.0,0.0,220.1,1346.2,0.0,0.0,Meta Retargeting - DABA,Social,13756,460,25,1346.2,6.12
2026-06-01,0.0,0.0,0.0,0.0,114.41,442.39,Microsoft Search - Generic,Search,14301,653,19,442.39,3.87
2026-06-02,342.36,1857.07,0.0,0.0,0.0,0.0,Google Search - Brand,Search,28530,2105,102,1857.07,5.42
2026-06-02,530.68,2291.31,0.0,0.0,0.0,0.0,Google Performance Max - Core,PMax,44223,870,20,2291.31,4.32
2026-06-02,0.0,0.0,557.57,1969.64,0.0,0.0,Meta Prospecting - Lookalike,Social,34848,491,9,1969.64,3.53
2026-06-02,0.0,0.0,234.06,1495.07,0.0,0.0,Meta Retargeting - DABA,Social,14628,528,36,1495.07,6.39
2026-06-02,0.0,0.0,0.0,0.0,87.31,401.75,Microsoft Search - Generic,Search,10913,499,16,401.75,4.6
2026-06-03,263.29,1464.16,0.0,0.0,0.0,0.0,Google Search - Brand,Search,21940,1789,92,1464.16,5.56
2026-06-03,465.11,1973.93,0.0,0.0,0.0,0.0,Google Performance Max - Core,PMax,38759,700,19,1973.93,4.24
2026-06-03,0.0,0.0,631.68,2164.59,0.0,0.0,Meta Prospecting - Lookalike,Social,39480,616,12,2164.59,3.43
2026-06-03,0.0,0.0,232.83,1501.05,0.0,0.0,Meta Retargeting - DABA,Social,14551,519,34,1501.05,6.45
2026-06-03,0.0,0.0,0.0,0.0,88.18,433.03,Microsoft Search - Generic,Search,11022,513,17,433.03,4.91
2026-06-04,334.47,1576.32,0.0,0.0,0.0,0.0,Google Search - Brand,Search,27872,2097,107,1576.32,4.71
2026-06-04,527.02,1754.31,0.0,0.0,0.0,0.0,Google Performance Max - Core,PMax,43918,862,18,1754.31,3.33
2026-06-04,0.0,0.0,555.56,1581.37,0.0,0.0,Meta Prospecting - Lookalike,Social,34722,515,11,1581.37,2.85
2026-06-04,0.0,0.0,275.49,1403.62,0.0,0.0,Meta Retargeting - DABA,Social,17218,565,35,1403.62,5.09
2026-06-04,0.0,0.0,0.0,0.0,88.06,337.61,Microsoft Search - Generic,Search,11007,496,14,337.61,3.83
2026-06-05,322.35,1332.39,0.0,0.0,0.0,0.0,Google Search - Brand,Search,26862,2327,114,1332.39,4.13
2026-06-05,490.16,1492.82,0.0,0.0,0.0,0.0,Google Performance Max - Core,PMax,40846,853,18,1492.82,3.05
2026-06-05,0.0,0.0,620.39,1768.17,0.0,0.0,Meta Prospecting - Lookalike,Social,38774,597,11,1768.17,2.85
2026-06-05,0.0,0.0,219.35,1189.45,0.0,0.0,Meta Retargeting - DABA,Social,13709,450,30,1189.45,5.42
2026-06-05,0.0,0.0,0.0,0.0,85.41,313.21,Microsoft Search - Generic,Search,10676,506,13,313.21,3.67
2026-06-06,277.28,952.45,0.0,0.0,0.0,0.0,Google Search - Brand,Search,23106,1686,83,952.45,3.43
2026-06-06,516.01,1382.47,0.0,0.0,0.0,0.0,Google Performance Max - Core,PMax,43000,889,19,1382.47,2.68
2026-06-06,0.0,0.0,660.93,1614.17,0.0,0.0,Meta Prospecting - Lookalike,Social,41308,657,14,1614.17,2.44
2026-06-06,0.0,0.0,253.32,1145.01,0.0,0.0,Meta Retargeting - DABA,Social,15832,520,32,1145.01,4.52
2026-06-06,0.0,0.0,0.0,0.0,107.14,314.56,Microsoft Search - Generic,Search,13392,672,17,314.56,2.94
2026-06-07,337.87,1481.22,0.0,0.0,0.0,0.0,Google Search - Brand,Search,28155,2290,115,1481.22,4.38
2026-06-07,480.27,1465.82,0.0,0.0,0.0,0.0,Google Performance Max - Core,PMax,40022,863,22,1465.82,3.05
2026-06-07,0.0,0.0,591.78,1752.22,0.0,0.0,Meta Prospecting - Lookalike,Social,36986,569,10,1752.22,2.96
2026-06-07,0.0,0.0,244.57,1324.02,0.0,0.0,Meta Retargeting - DABA,Social,15285,528,33,1324.02,5.41
2026-06-07,0.0,0.0,0.0,0.0,86.92,330.77,Microsoft Search - Generic,Search,10865,578,16,330.77,3.81
2026-06-08,256.97,1143.4,0.0,0.0,0.0,0.0,Google Search - Brand,Search,21414,1644,82,1143.4,4.45
2026-06-08,498.66,1454.07,0.0,0.0,0.0,0.0,Google Performance Max - Core,PMax,41555,902,19,1454.07,2.92
2026-06-08,0.0,0.0,583.74,1720.92,0.0,0.0,Meta Prospecting - Lookalike,Social,36483,564,10,1720.92,2.95
2026-06-08,0.0,0.0,224.53,1088.04,0.0,0.0,Meta Retargeting - DABA,Social,14033,448,24,1088.04,4.85
2026-06-08,0.0,0.0,0.0,0.0,111.45,402.89,Microsoft Search - Generic,Search,13931,740,23,402.89,3.61
2026-06-09,281.03,1341.02,0.0,0.0,0.0,0.0,Google Search - Brand,Search,23419,1802,83,1341.02,4.77
2026-06-09,505.33,1865.2,0.0,0.0,0.0,0.0,Google Performance Max - Core,PMax,42110,818,19,1865.2,3.69
2026-06-09,0.0,0.0,652.07,2237.64,0.0,0.0,Meta Prospecting - Lookalike,Social,40754,587,13,2237.64,3.43
2026-06-09,0.0,0.0,237.01,1545.68,0.0,0.0,Meta Retargeting - DABA,Social,14813,503,30,1545.68,6.52
2026-06-09,0.0,0.0,0.0,0.0,111.29,487.46,Microsoft Search - Generic,Search,13911,640,18,487.46,4.38
2026-06-10,300.28,1570.54,0.0,0.0,0.0,0.0,Google Search - Brand,Search,25023,1879,104,1570.54,5.23
2026-06-10,550.69,2098.25,0.0,0.0,0.0,0.0,Google Performance Max - Core,PMax,45890,983,26,2098.25,3.81
2026-06-10,0.0,0.0,619.9,1971.81,0.0,0.0,Meta Prospecting - Lookalike,Social,38743,541,11,1971.81,3.18
2026-06-10,0.0,0.0,264.55,1480.52,0.0,0.0,Meta Retargeting - DABA,Social,16534,547,29,1480.52,5.6
2026-06-10,0.0,0.0,0.0,0.0,85.06,319.45,Microsoft Search - Generic,Search,10632,554,17,319.45,3.76
2026-06-11,269.52,1216.46,0.0,0.0,0.0,0.0,Google Search - Brand,Search,22459,1647,70,1216.46,4.51
2026-06-11,558.63,1668.11,0.0,0.0,0.0,0.0,Google Performance Max - Core,PMax,46552,882,21,1668.11,2.99
2026-06-11,0.0,0.0,550.03,1418.52,0.0,0.0,Meta Prospecting - Lookalike,Social,34376,517,10,1418.52,2.58
2026-06-11,0.0,0.0,216.83,1070.09,0.0,0.0,Meta Retargeting - DABA,Social,13551,463,25,1070.09,4.94
2026-06-11,0.0,0.0,0.0,0.0,113.8,375.96,Microsoft Search - Generic,Search,14225,727,22,375.96,3.3
2026-06-12,293.6,1298.94,0.0,0.0,0.0,0.0,Google Search - Brand,Search,24466,1973,104,1298.94,4.42
2026-06-12,450.75,1500.72,0.0,0.0,0.0,0.0,Google Performance Max - Core,PMax,37562,751,18,1500.72,3.33
2026-06-12,0.0,0.0,623.66,1875.65,0.0,0.0,Meta Prospecting - Lookalike,Social,38978,588,10,1875.65,3.01
2026-06-12,0.0,0.0,221.29,1175.02,0.0,0.0,Meta Retargeting - DABA,Social,13830,468,25,1175.02,5.31
2026-06-12,0.0,0.0,0.0,0.0,91.19,331.43,Microsoft Search - Generic,Search,11398,557,18,331.43,3.63
2026-06-13,300.7,1018.5,0.0,0.0,0.0,0.0,Google Search - Brand,Search,25058,1972,84,1018.5,3.39
2026-06-13,435.36,1179.78,0.0,0.0,0.0,0.0,Google Performance Max - Core,PMax,36280,721,18,1179.78,2.71
2026-06-13,0.0,0.0,633.95,1456.52,0.0,0.0,Meta Prospecting - Lookalike,Social,39621,564,9,1456.52,2.3
2026-06-13,0.0,0.0,252.67,1098.08,0.0,0.0,Meta Retargeting - DABA,Social,15791,589,38,1098.08,4.35
2026-06-13,0.0,0.0,0.0,0.0,99.55,297.88,Microsoft Search - Generic,Search,12443,601,19,297.88,2.99
2026-06-14,271.51,1209.89,0.0,0.0,0.0,0.0,Google Search - Brand,Search,22625,1938,108,1209.89,4.46
2026-06-14,436.35,1386.91,0.0,0.0,0.0,0.0,Google Performance Max - Core,PMax,36362,710,19,1386.91,3.18
2026-06-14,0.0,0.0,546.63,1653.55,0.0,0.0,Meta Prospecting - Lookalike,Social,34164,468,10,1653.55,3.02
2026-06-14,0.0,0.0,253.13,1287.16,0.0,0.0,Meta Retargeting - DABA,Social,15820,605,31,1287.16,5.08
2026-06-14,0.0,0.0,0.0,0.0,87.22,314.33,Microsoft Search - Generic,Search,10902,531,17,314.33,3.6
2026-06-15,344.75,1530.73,0.0,0.0,0.0,0.0,Google Search - Brand,Search,28729,2325,110,1530.73,4.44
2026-06-15,477.58,1442.71,0.0,0.0,0.0,0.0,Google Performance Max - Core,PMax,39798,775,16,1442.71,3.02
2026-06-15,0.0,0.0,593.56,1618.62,0.0,0.0,Meta Prospecting - Lookalike,Social,37097,581,12,1618.62,2.73
2026-06-15,0.0,0.0,213.13,1154.55,0.0,0.0,Meta Retargeting - DABA,Social,13320,439,27,1154.55,5.42
2026-06-15,0.0,0.0,0.0,0.0,85.16,297.11,Microsoft Search - Generic,Search,10645,564,18,297.11,3.49
2026-06-16,260.98,1363.65,0.0,0.0,0.0,0.0,Google Search - Brand,Search,21748,1832,93,1363.65,5.23
2026-06-16,537.76,2090.55,0.0,0.0,0.0,0.0,Google Performance Max - Core,PMax,44813,950,23,2090.55,3.89
2026-06-16,0.0,0.0,630.81,1885.09,0.0,0.0,Meta Prospecting - Lookalike,Social,39425,605,12,1885.09,2.99
2026-06-16,0.0,0.0,227.12,1268.51,0.0,0.0,Meta Retargeting - DABA,Social,14195,535,34,1268.51,5.59
2026-06-16,0.0,0.0,0.0,0.0,107.76,469.15,Microsoft Search - Generic,Search,13470,686,21,469.15,4.35
2026-06-17,307.09,1712.87,0.0,0.0,0.0,0.0,Google Search - Brand,Search,25590,2101,94,1712.87,5.58
2026-06-17,532.46,1949.23,0.0,0.0,0.0,0.0,Google Performance Max - Core,PMax,44371,846,19,1949.23,3.66
2026-06-17,0.0,0.0,553.47,1715.81,0.0,0.0,Meta Prospecting - Lookalike,Social,34591,489,9,1715.81,3.1
2026-06-17,0.0,0.0,250.53,1620.37,0.0,0.0,Meta Retargeting - DABA,Social,15658,513,26,1620.37,6.47
2026-06-17,0.0,0.0,0.0,0.0,96.48,403.57,Microsoft Search - Generic,Search,12060,641,20,403.57,4.18
2026-06-18,279.48,1332.17,0.0,0.0,0.0,0.0,Google Search - Brand,Search,23290,1934,89,1332.17,4.77
2026-06-18,520.46,1811.72,0.0,0.0,0.0,0.0,Google Performance Max - Core,PMax,43371,836,19,1811.72,3.48
2026-06-18,0.0,0.0,635.04,1668.2,0.0,0.0,Meta Prospecting - Lookalike,Social,39690,561,11,1668.2,2.63
2026-06-18,0.0,0.0,262.15,1299.01,0.0,0.0,Meta Retargeting - DABA,Social,16384,609,39,1299.01,4.96
2026-06-18,0.0,0.0,0.0,0.0,90.63,333.75,Microsoft Search - Generic,Search,11328,519,16,333.75,3.68
2026-06-19,293.91,1287.77,0.0,0.0,0.0,0.0,Google Search - Brand,Search,24492,1775,82,1287.77,4.38
2026-06-19,556.88,1615.82,0.0,0.0,0.0,0.0,Google Performance Max - Core,PMax,46406,880,22,1615.82,2.9
2026-06-19,0.0,0.0,630.03,1601.43,0.0,0.0,Meta Prospecting - Lookalike,Social,39376,569,12,1601.43,2.54
2026-06-19,0.0,0.0,236.9,1327.5,0.0,0.0,Meta Retargeting - DABA,Social,14806,559,38,1327.5,5.6
2026-06-19,0.0,0.0,0.0,0.0,110.35,411.36,Microsoft Search - Generic,Search,13793,655,20,411.36,3.73
2026-06-20,263.54,866.63,0.0,0.0,0.0,0.0,Google Search - Brand,Search,21961,1932,91,866.63,3.29
2026-06-20,546.0,1467.14,0.0,0.0,0.0,0.0,Google Performance Max - Core,PMax,45500,975,28,1467.14,2.69
2026-06-20,0.0,0.0,517.26,1098.76,0.0,0.0,Meta Prospecting - Lookalike,Social,32328,476,8,1098.76,2.12
2026-06-20,0.0,0.0,239.53,901.27,0.0,0.0,Meta Retargeting - DABA,Social,14970,553,33,901.27,3.76
2026-06-20,0.0,0.0,0.0,0.0,104.63,281.99,Microsoft Search - Generic,Search,13078,618,15,281.99,2.7
2026-06-21,311.14,1474.16,0.0,0.0,0.0,0.0,Google Search - Brand,Search,25928,2183,94,1474.16,4.74
2026-06-21,517.93,1769.12,0.0,0.0,0.0,0.0,Google Performance Max - Core,PMax,43160,874,22,1769.12,3.42
2026-06-21,0.0,0.0,615.65,1849.46,0.0,0.0,Meta Prospecting - Lookalike,Social,38478,586,13,1849.46,3.0
2026-06-21,0.0,0.0,245.67,1343.08,0.0,0.0,Meta Retargeting - DABA,Social,15354,559,32,1343.08,5.47
2026-06-21,0.0,0.0,0.0,0.0,102.91,340.65,Microsoft Search - Generic,Search,12863,698,23,340.65,3.31
2026-06-22,302.49,1318.17,0.0,0.0,0.0,0.0,Google Search - Brand,Search,25207,1900,109,1318.17,4.36
2026-06-22,522.43,1832.64,0.0,0.0,0.0,0.0,Google Performance Max - Core,PMax,43535,923,24,1832.64,3.51
2026-06-22,0.0,0.0,519.6,1481.99,0.0,0.0,Meta Prospecting - Lookalike,Social,32475,482,10,1481.99,2.85
2026-06-22,0.0,0.0,240.48,1294.9,0.0,0.0,Meta Retargeting - DABA,Social,15030,572,30,1294.9,5.38
2026-06-22,0.0,0.0,0.0,0.0,105.73,370.08,Microsoft Search - Generic,Search,13216,686,21,370.08,3.5
2026-06-23,269.06,1329.81,0.0,0.0,0.0,0.0,Google Search - Brand,Search,22421,1842,94,1329.81,4.94
2026-06-23,530.77,1827.98,0.0,0.0,0.0,0.0,Google Performance Max - Core,PMax,44230,876,23,1827.98,3.44
2026-06-23,0.0,0.0,540.55,1858.01,0.0,0.0,Meta Prospecting - Lookalike,Social,33784,458,9,1858.01,3.44
2026-06-23,0.0,0.0,264.97,1619.28,0.0,0.0,Meta Retargeting - DABA,Social,16560,618,40,1619.28,6.11
2026-06-23,0.0,0.0,0.0,0.0,101.08,444.35,Microsoft Search - Generic,Search,12635,630,18,444.35,4.4
2026-06-24,306.53,1476.42,0.0,0.0,0.0,0.0,Google Search - Brand,Search,25544,1952,109,1476.42,4.82
2026-06-24,513.93,1922.73,0.0,0.0,0.0,0.0,Google Performance Max - Core,PMax,42827,831,17,1922.73,3.74
2026-06-24,0.0,0.0,586.2,1710.79,0.0,0.0,Meta Prospecting - Lookalike,Social,36637,503,10,1710.79,2.92
2026-06-24,0.0,0.0,278.72,1793.74,0.0,0.0,Meta Retargeting - DABA,Social,17420,629,34,1793.74,6.44
2026-06-24,0.0,0.0,0.0,0.0,111.58,481.71,Microsoft Search - Generic,Search,13947,655,21,481.71,4.32
2026-06-25,327.24,1409.71,0.0,0.0,0.0,0.0,Google Search - Brand,Search,27270,2398,102,1409.71,4.31
2026-06-25,518.39,1790.68,0.0,0.0,0.0,0.0,Google Performance Max - Core,PMax,43199,945,23,1790.68,3.45
2026-06-25,0.0,0.0,521.23,1560.84,0.0,0.0,Meta Prospecting - Lookalike,Social,32576,472,8,1560.84,2.99
2026-06-25,0.0,0.0,273.77,1558.94,0.0,0.0,Meta Retargeting - DABA,Social,17110,641,43,1558.94,5.69
2026-06-25,0.0,0.0,0.0,0.0,96.57,309.95,Microsoft Search - Generic,Search,12071,551,15,309.95,3.21
2026-06-26,297.22,1265.1,0.0,0.0,0.0,0.0,Google Search - Brand,Search,24768,1889,83,1265.1,4.26
2026-06-26,447.09,1335.54,0.0,0.0,0.0,0.0,Google Performance Max - Core,PMax,37257,815,21,1335.54,2.99
2026-06-26,0.0,0.0,589.15,1803.95,0.0,0.0,Meta Prospecting - Lookalike,Social,36821,527,11,1803.95,3.06
2026-06-26,0.0,0.0,234.95,1179.29,0.0,0.0,Meta Retargeting - DABA,Social,14684,486,25,1179.29,5.02
2026-06-26,0.0,0.0,0.0,0.0,95.66,318.5,Microsoft Search - Generic,Search,11957,618,16,318.5,3.33
2026-06-27,327.81,1111.79,0.0,0.0,0.0,0.0,Google Search - Brand,Search,27317,2031,96,1111.79,3.39
2026-06-27,448.24,1231.18,0.0,0.0,0.0,0.0,Google Performance Max - Core,PMax,37353,684,17,1231.18,2.75
2026-06-27,0.0,0.0,611.41,1315.44,0.0,0.0,Meta Prospecting - Lookalike,Social,38213,608,10,1315.44,2.15
2026-06-27,0.0,0.0,250.41,1058.52,0.0,0.0,Meta Retargeting - DABA,Social,15650,508,31,1058.52,4.23
2026-06-27,0.0,0.0,0.0,0.0,99.64,266.36,Microsoft Search - Generic,Search,12455,570,16,266.36,2.67
2026-06-28,329.01,1594.03,0.0,0.0,0.0,0.0,Google Search - Brand,Search,27417,1999,97,1594.03,4.84
2026-06-28,533.75,1897.06,0.0,0.0,0.0,0.0,Google Performance Max - Core,PMax,44479,902,23,1897.06,3.55
2026-06-28,0.0,0.0,665.2,2201.66,0.0,0.0,Meta Prospecting - Lookalike,Social,41575,600,12,2201.66,3.31
2026-06-28,0.0,0.0,286.71,1783.38,0.0,0.0,Meta Retargeting - DABA,Social,17919,676,38,1783.38,6.22
2026-06-28,0.0,0.0,0.0,0.0,99.68,366.92,Microsoft Search - Generic,Search,12460,653,19,366.92,3.68
2026-06-29,330.44,1659.82,0.0,0.0,0.0,0.0,Google Search - Brand,Search,27536,2141,118,1659.82,5.02
2026-06-29,474.23,1667.96,0.0,0.0,0.0,0.0,Google Performance Max - Core,PMax,39519,783,21,1667.96,3.52
2026-06-29,0.0,0.0,545.36,1582.32,0.0,0.0,Meta Prospecting - Lookalike,Social,34085,557,10,1582.32,2.9
2026-06-29,0.0,0.0,255.95,1510.84,0.0,0.0,Meta Retargeting - DABA,Social,15996,558,34,1510.84,5.9
2026-06-29,0.0,0.0,0.0,0.0,101.58,376.68,Microsoft Search - Generic,Search,12697,618,19,376.68,3.71
